hometown_city,hometown_city_clean,hometown_state_clean,total
Abbeville,Abbeville,SC,2
Aberdeen,Aberdeen,NJ,1
Abernathy,Abernathy,TX,1
Abilene,Abilene,TX,3
Abington,Abington,PA,1
Absecon,Absecon,NJ,1
Accokeek,Accokeek,MD,2
Ackerman,Ackerman,MS,2
Acton,Acton,MA,1
Acworth,Acworth,GA,10
Ada,Ada,MI,1
Addison,Addison,TX,1
Adel,Adel,IA,2
Adelanto,Adelanto,CA,1
Advance,Advance,NC,1
Agoura Hills,Agoura Hills,CA,1
Akron,Akron,OH,12
Alabaster,Alabaster,AL,9
Alameda,Alameda,CA,2
Alamo,Alamo,CA,1
Alba,Alba,TX,1
Albany,Albany,GA,3
Albany,Albany,NY,1
Albany,Albany,OR,1
Albuquerque,Albuquerque,NM,3
Alcoa,Alcoa,TN,2
Aldie,Aldie,VA,1
Aledo,Aledo,TX,9
Alexandria,Alexandria,LA,4
Alexandria,Alexandria,MN,1
Alexandria,Alexandria,VA,7
Alhambra,Alhambra,CA,1
Alief,Houston,TX,1
Aliquippa,Aliquippa,PA,2
Allen,Allen,TX,16
Allentown,Allentown,PA,2
Allison Park,Allison Park,PA,1
Alpharetta,Alpharetta,GA,16
Alpine,Alpine,UT,2
Altadena,Altadena,CA,1
Altoona,Altoona,IA,2
Altoona,Altoona,PA,1
Alvin,Alvin,TX,1
Amarillo,Amarillo,TX,5
Amelia County,Amelia Court House,VA,1
American Fork,American Fork,UT,6
Ames,Ames,IA,2
Amite,Amite City,LA,2
Anaheim,Anaheim,CA,4
Anaheim Hills,Anaheim Hills,CA,1
Anchorage,Anchorage,AK,1
Andale,Andale,KS,1
Andalusia,Andalusia,AL,2
Anderson,Anderson,CA,1
Anderson,Anderson,SC,9
Andover,Andover,KS,1
Andrews,Andrews,NC,1
Ankeny,Ankeny,IA,5
Annandale,Annandale,MN,1
Annandale,Annandale,VA,1
Annapolis,Annapolis,MD,3
Anniston,Anniston,AL,6
Anoka,Anoka,MN,1
Anthem,Anthem,AZ,1
Antioch,Antioch,CA,6
Antioch,Antioch,IL,2
Antioch,Antioch,TN,2
Apex,Apex,NC,3
Apopka,Apopka,FL,12
Apple Valley,Apple Valley,CA,2
Apple Valley,Apple Valley,MN,1
Appomattox,Appomattox,VA,1
Arbutus,Arbutus,MD,1
Archbald,Archbald,PA,1
Arden,Arden,NC,1
Ardmore,Ardmore,OK,5
Argyle,Argyle,TX,8
Arkadelphia,Arkadelphia,AR,1
Arlington,Arlington,TX,34
Arlington,Arlington,VA,4
Arlington Heights,Arlington Heights,IL,5
Arroyo Grande,Arroyo Grande,CA,1
Arvada,Arvada,CO,1
Asbury Park,Asbury Park,NJ,1
Ashburn,Ashburn,VA,13
Ashdown,Ashdown,AR,2
Asheboro,Asheboro,NC,1
Asheville,Asheville,NC,5
Ashland,Ashland,AL,1
Ashland,Ashland,KS,1
Ashland,Ashland,KY,1
Atascocita,Atascocita,TX,1
Athens,Athens,GA,6
Athens,Athens,TX,1
Atherton,Atherton,CA,3
Atlanta,Atlanta,GA,80
Atoka,Atoka,OK,2
Attleboro,Attleboro,MA,1
Atwood,Atwood,IL,1
Aubrey,Aubrey,TX,1
Auburn,Auburn,AL,7
Auburn,Auburn,CA,1
Auburn,Auburn,WA,5
Auburn Hills,Auburn Hills,MI,1
Aurora,Aurora,CO,9
Aurora,Aurora,IL,3
Aurora,Aurora,NE,1
Aurora,Aurora,OH,1
Austell,Austell,GA,2
Austin,Austin,TX,56
Austintown,Austintown,OH,3
Averne,Averne,NY,1
Avon,Avon,OH,2
Avondale,Avondale,AZ,1
Aylett,Aylett,VA,1
Azle,Azle,TX,2
Bailey,Bailey,NC,1
Bainbridge,Bainbridge,GA,3
Bakersfield,Bakersfield,CA,7
Baldwin Hills,Baldwin Hills,CA,1
Baldwin Park,Baldwin Park,CA,2
Baldwin Village,Baldwin Village,CA,1
Ballston Lake,Ballston Lake,NY,1
Baltimore,Baltimore,MD,36
Bamberg,Bamberg,SC,1
Bannockburn,Bannockburn,IL,2
Barnesville,Barnesville,GA,1
Barrington,Barrington,IL,3
Bartow,Bartow,FL,3
Basehor,Basehor,KS,1
Basking Ridge,Basking Ridge,NJ,1
Bassett,Bassett,VA,1
Bastrop,Bastrop,TX,2
Batavia,Batavia,IL,3
Batesburg-Leesville,Batesburg-Leesville,SC,1
Baton Rouge,Baton Rouge,LA,23
Battle Creek,Battle Creek,MI,1
Baxley,Baxley,GA,1
Bay City,Bay City,MI,1
Bay City,Bay City,TX,1
Bay Shore,Bay Shore,NY,1
Bay Village,Bay Village,OH,1
Baytown,Baytown,TX,1
Bear,Bear,DE,2
Beaufort,Beaufort,NC,1
Beaumont,Beaumont,TX,4
Beaver,Beaver,UT,1
Beaver Falls,Beaver Falls,PA,2
Beaverton,Beaverton,OR,1
Bedford,Bedford,TX,1
Bedminster,Bedminster,NJ,1
Beech Grove,Beech Grove,IN,1
Beggs,Beggs,OK,1
Bel Air,Bel Air,MD,2
Bellaire,Bellaire,TX,2
Belle Glade,Belle Glade,FL,2
Belle Rose,Belle Rose,LA,1
Belle Vernon,Belle Vernon,PA,3
Belleville,Belleville,IL,5
Belleville,Belleville,MI,8
Bellevue,Bellevue,NE,1
Bellevue,Bellevue,WA,4
Bellflower,Bellflower,CA,7
Bellingham,Bellingham,WA,6
Bellville,Bellville,TX,1
Belmar,Belmar,NJ,1
Belmont,Belmont,CA,1
Belmont,Belmont,MA,1
Beloit,Beloit,KS,1
Belton,Belton,TX,1
Beltsville,Beltsville,MD,1
Bend,Bend,OR,2
Benkelman,Benkelman,NE,1
Bennington,Bennington,NE,1
Bentonville,Bentonville,AR,4
Berea,Berea,OH,1
Berkeley,Berkeley,CA,3
Berlin,Berlin,MD,1
Berrien Springs,Berrien Springs,MI,1
Berryhill,Berryhill,OK,1
Berwyn,Berwyn,IL,1
Bessemer,Bessemer,AL,4
Bethany,Bethany,OK,1
Bethlehem,Bethlehem,GA,1
Bethlehem,Bethlehem,PA,4
Bettendorf,Bettendorf,IA,5
Beverly,Beverly,NJ,1
Beverly Hills,Beverly Hills,MI,4
Big Sandy,Big Sandy,TX,1
Big Stone Gap,Big Stone Gap,VA,1
Biggersville,Biggersville,MS,1
Billings,Billings,MT,1
Binghamton,Binghamton,NY,1
Birmingham,Birmingham,AL,43
Birmingham,Birmingham,MI,1
Bismarck,Bismarck,ND,1
Bixby,Bixby,OK,5
Blacksburg,Blacksburg,VA,4
Blackshear,Blackshear,GA,2
Blackstone,Blackstone,VA,1
Blairsville,Blairsville,GA,1
Bloomfield Hills,Bloomfield Hills,MI,2
Bloomington,Bloomington,IL,2
Bloomington,Bloomington,IN,6
Blue Point,Blue Point,NY,1
Blue Ridge,Blue Ridge,GA,1
Blue Springs,Blue Springs,MO,4
Bluefield,Bluefield,VA,4
Bluefield,Bluefield,WV,1
Bluff City,Bluff City,TN,1
Blythewood,Blythewood,SC,4
Boca Raton,Boca Raton,FL,4
Boemia,Boemia,NY,1
Bogart,Bogart,GA,4
Bogata,Bogata,TX,1
Boiling Springs,Boiling Springs,NC,1
Boise,Boise,ID,1
Bolingbrook,Bolingbrook,IL,6
Bonita Springs,Bonita Springs,FL,1
Bonney Lake,Bonney Lake,WA,1
Boone,Boone,NC,2
Boonville,Boonville,IN,2
Boonville,Boonville,MO,2
Bordentown,Bordentown,NJ,1
Boston,Boston,MA,3
Bothell,Bothell,WA,2
Bountiful,Bountiful,UT,4
Boutte,Boutte,LA,2
Bowie,Bowie,MD,6
Bowie,Bowie,TX,1
Bowling Green,Bowling Green,KY,7
Boynton Beach,Boynton Beach,FL,3
Bozeman,Bozeman,MT,1
Braceville,Braceville,OH,1
Bradenton,Bradenton,FL,6
Bradley,Bradley Junction,FL,1
Brandon,Brandon,MS,4
Braswell,Aubrey,TX,1
Breaux Bridge,Breaux Bridge,LA,1
Brecksville,Brecksville,OH,3
Brenham,Brenham,TX,2
Brent,Brent,AL,1
Brentwood,Brentwood,CA,5
Brentwood,Brentwood,TN,15
Brewster,Brewster,KS,1
Bridgeport,Bridgeport,CT,1
Bridgeville,Bridgeville,DE,1
Bridgeville,Bridgeville,PA,1
Bridgewater,Bridgewater,NJ,1
Bridgewater,Bridgewater,VA,1
Bristol,Bristol,TN,1
Bristol,Bristol,VA,1
Bristow,Bristow,VA,2
Britt,Britt,IA,2
Broadview,Broadview,IL,1
Brock,Brock,TX,4
Brockton,Brockton,MA,3
Broken Arrow,Broken Arrow,OK,6
Bronx,Bronx,NY,9
Bronxville,Bronxville,NY,1
Brookfield,Brookfield,WI,2
Brookhaven,Brookhaven,MS,2
Brooklyn,Brooklyn,NY,8
Brooklyn Park,Brooklyn Park,MN,1
Brooksville,Brooksville,FL,2
Broomfield,Broomfield,CO,2
Broward,Plantation,FL,1
Browns Store,Browns Store,VA,1
Brownsburg,Brownsburg,IN,3
Brownstown,Brownstown Township,MI,1
Brownstown Township,Brownstown Township,MI,1
Brownsville,Brownsville,TN,4
Brownwood,Brownwood,TX,1
Brunswick,Brunswick,GA,4
Brunswick,Brunswick,OH,1
Bryan,Bryan,OH,1
Bryan,Bryan,TX,5
Bryans Road,Bryans Road,MD,1
Bryant,Bryant,AR,1
Bryn Mawr,Bryn Mawr,PA,1
Buck Lake,Mims,FL,1
Buffalo,Buffalo,NY,5
Buffalo Grove,Buffalo Grove,IL,1
Buford,Buford,GA,23
Burke,Burke,VA,3
Burleson,Burleson,TX,1
Burlingame,Burlingame,CA,2
Burlington,Burlington,KY,1
Burlington,Burlington,MA,2
Burlington,Burlington,NC,2
Burlington,Burlington,NJ,1
Burnsville,Burnsville,MN,2
Burtonsville,Burtonsville,MD,3
Butler,Butler,PA,1
Byfield,Byfield,MA,1
Byhalia,Byhalia,MS,1
Byron,Byron,IL,1
Byron Center,Byron Center,MI,2
Cache,Cache,OK,1
Cahokia,Cahokia,IL,1
Cairo,Cairo,GA,1
Calabasas,Calabasas,CA,3
Caldwell,Caldwell,ID,1
Caldwell,Caldwell,NJ,1
Calera,Calera,AL,2
Calhoun,Calhoun,GA,2
Calmar,Calmar,IA,1
Camarillo,Camarillo,CA,3
Camas,Camas,WA,2
Cambridge,Cambridge,MA,1
Cambridge,Cambridge,WI,1
Camden,Camden,AR,1
Camden,Camden,NJ,6
Camden,Camden,SC,4
Cameron,Cameron,NC,1
Camilla,Camilla,GA,2
Campbell,Campbell,CA,1
Campbellton,Campbellton,FL,1
Canadian,Canadian,TX,1
Canal Winchester,Canal Winchester,OH,1
Canby,Canby,OR,1
Canfield,Canfield,OH,2
Canoga Park,Canoga Park,CA,1
Canton,Canton,GA,2
Canton,Canton,MA,1
Canton,Canton,MI,2
Canton,Canton,MS,3
Canton,Canton,OH,1
Canton,Canton,PA,1
Canton,Canton,TX,1
Canyon Country,Canyon Country,CA,1
Cape Coral,Cape Coral,FL,1
Capitola,Capitola,CA,1
Carencro,Carencro,LA,1
Carlisle,Carlisle,IA,1
Carlsbad,Carlsbad,CA,6
Carlsbad,Carlsbad,NM,2
Carmel,Carmel,CA,2
Carmel,Carmel,IN,13
Carnegie,Carnegie,PA,1
Carpinteria,Carpinteria,CA,1
Carrabelle,Carrabelle,FL,1
Carroll,Carroll,IA,3
Carrollton,Carrollton,GA,5
Carrollton,Carrollton,TX,2
Carrolton,Carrollton,GA,1
Carson,Carson,CA,8
Cartersville,Cartersville,GA,6
Carthage,Carthage,TX,3
Carver Ranches,West Park,FL,2
Cary,Cary,NC,6
Casa Grande,Casa Grande,AZ,1
Cascade,Cascade,WI,1
Cashion,Cashion,OK,1
Cashmere,Cashmere,WA,1
Cashton,Cashton,WI,1
Castalia,Castalia,OH,1
Catawissa,Catawissa,PA,2
Cedar City,Cedar City,UT,1
Cedar Hill,Cedar Hill,TX,8
Cedar Hills,Cedar Hills,UT,2
Cedar Park,Cedar Park,TX,1
Cedar Rapids,Cedar Rapids,IA,9
Cedarburg,Cedarburg,WI,2
Cedartown,Cedartown,GA,3
Centennial,Centennial,CO,3
Center Point,Center Point,IA,1
Centeron,Centeron,AR,1
Centerville,Centerville,LA,1
Centerville,Centerville,OH,1
Central,Central,SC,4
Centre,Centre,AL,1
Centreville,Centreville,AL,1
Centreville,Centreville,VA,6
Ceredo,Ceredo,WV,1
Cerritos,Cerritos,CA,1
Chagrin Falls,Chagrin Falls,OH,2
Chalfont,Chalfont,PA,1
Champaign,Champaign,IL,2
Chandler,Chandler,AZ,34
Channahon,Channahon,IL,1
Chantilly,Chantilly,VA,2
Chanute,Chanute,KS,1
Chapel Hill,Chapel Hill,NC,2
Chapin,Chapin,SC,2
Chapman,Chapman,KS,1
Chardon,Chardon,OH,1
Charleston,Charleston,MS,1
Charleston,Charleston,SC,4
Charleston,Charleston,WV,4
Charlotte,Charlotte,NC,58
Charlottesville,Charlottesville,VA,1
Chaska,Chaska,MN,1
Chatham,Chatham,LA,1
Chatsworth,Chatsworth,CA,3
Chatsworth,Chatsworth,GA,1
Chattanooga,Chattanooga,TN,4
Chatworth,Chatworth,GA,1
Cheektowaga,Cheektowaga,NY,1
Chehalis,Chehalis,WA,1
Chelsea,Chelsea,AL,1
Chelsea,Chelsea,MI,1
Cheraw,Cheraw,SC,1
Chesapeake,Chesapeake,VA,7
Chesapeake Beach,Chesapeake Beach,MD,1
Chester,Chester,SC,1
Chester,Chester,VA,3
Chesterfield,Chesterfield,MO,3
Chesterfield,Chesterfield,VA,4
Chestnut Hill,Chestnut Hill,MA,1
Chevy Chase,Chevy Chase,MD,2
Chicago,Chicago,IL,56
Chicago Heights,Chicago Heights,IL,1
Chico,Chico,CA,1
Chino,Chino,CA,2
Choctaw,Choctaw,OK,4
Christiansburg,Christiansburg,VA,1
Chubbuck,Chubbuck,ID,1
Chula Vista,Chula Vista,CA,3
Churubusco,Churubusco,IN,1
Cibolo,Cibolo,TX,1
Cincinnati,Cincinnati,OH,50
Cinnaminson,Cinnaminson,NJ,1
Clackamas,Clackamas,OR,1
Clare,Clare,IA,1
Claremont,Claremont,CA,2
Claremore,Claremore,OK,1
Clarendon,Clarendon,AR,1
Clarendon,Clarendon,TX,1
Clarendon Hills,Clarendon Hills,IL,1
Clarks Summit,Clarks Summit,PA,1
Clarksburg,Clarksburg,MD,2
Clarksdale,Clarksdale,MS,3
Clarkston,Clarkston,MI,6
Clarksville,Clarksville,MD,2
Clayton,Clayton,DE,1
Clayton,Clayton,IN,1
Clayton,Clayton,MO,1
Clayton,Clayton,NC,5
Clayton,Clayton,OH,3
Clearwater,Clearwater,FL,1
Clemson,Clemson,SC,7
Clermont,Clermont,FL,2
Cleveland,Cleveland,OH,8
Cleveland,Cleveland,TN,2
Cleveland Heights,Cleveland Heights,OH,1
Cleves,Cleves,OH,1
Clewiston,Clewiston,FL,2
Clifton,Clifton,VA,2
Clinton,Clinton,LA,1
Clinton,Clinton,NC,1
Clinton,Clinton,SC,1
Clinton,Clinton,TN,1
Clinton Township,Clinton Township,MI,1
Closter,Closter,NJ,1
Clover,Clover,SC,2
Clovis,Clovis,CA,5
Clovis,Clovis,NM,1
Coatesville,Coatesville,PA,1
Cochran,Cochran,GA,1
Cocoa,Cocoa,FL,7
Cocoa Beach,Cocoa Beach,FL,1
Coconut Creek,Coconut Creek,FL,2
Coconut Grove,Miami,FL,3
Coeur d'Alene,Coeur d'Alene,ID,1
Coffeyville,Coffeyville,KS,1
Colby,Colby,KS,1
Coldwater,Coldwater,OH,1
Colerain,Colerain,OH,1
College Park,College Park,GA,2
College Station,College Station,TX,9
Colleyville,Colleyville,TX,9
Collierville,Collierville,TN,5
Collins,Collins,MS,1
Colorado Springs,Colorado Springs,CO,10
Colts Neck,Colts Neck,NJ,1
Columbia,Columbia,LA,1
Columbia,Columbia,MD,4
Columbia,Columbia,MO,6
Columbia,Columbia,MS,4
Columbia,Columbia,SC,21
Columbia Heights,Columbia Heights,MN,1
Columbus,Columbus,GA,11
Columbus,Columbus,IN,1
Columbus,Columbus,MS,3
Columbus,Columbus,NC,1
Columbus,Columbus,NE,3
Columbus,Columbus,OH,17
Commerce City,Commerce City,CO,1
Compton,Compton,CA,3
Concord,Concord,CA,3
Concord,Concord,MA,1
Concord,Concord,NC,7
Concord,Concord,OH,1
Concord,Concord,VA,1
Conroe,Conroe,TX,3
Converse,Converse,TX,2
Conway,Conway,AR,4
Conway,Conway,SC,2
Conyers,Conyers,GA,5
Coolidge,Coolidge,GA,1
Cooper City,Cooper City,FL,1
Coos Bay,Coos Bay,OR,2
Coppell,Coppell,TX,4
Coral Springs,Coral Springs,FL,2
Coram,Coram,NY,1
Cordele,Cordele,GA,4
Corinth,Corinth,TX,1
Cornelius,Cornelius,NC,4
Corona,Corona,CA,9
Corona,Corona,NY,1
Coronado,Coronado,CA,2
Corpus Christi,Corpus Christi,TX,4
Corryton,Corryton,TN,1
Corte Madera,Corte Madera,CA,1
Corvallis,Corvallis,OR,2
Costa Mesa,Costa Mesa,CA,1
Cottonwood Heights,Cottonwood Heights,UT,4
Council Bluffs,Council Bluffs,IA,4
Country Club Hills,Country Club Hills,IL,1
Covina,Covina,CA,2
Covington,Covington,GA,9
Covington,Covington,LA,1
Covington,Covington,TN,1
Covington,Covington,VA,1
Cranberry Township,Cranberry Township,PA,1
Crawfordsville,Crawfordsville,IA,1
Craytonville,Craytonville,SC,1
Creston,Creston,OH,1
Crewe,Crewe,VA,1
Crofton,Crofton,MD,2
Cross Plains,Cross Plains,TN,1
Crowley,Crowley,LA,1
Crowley,Crowley,TX,2
Crown Point,Crown Point,IN,1
Crownsville,Crownsville,MD,1
Crozet,Crozet,VA,1
Crystal,Crystal,MN,1
Crystal Lake,Crystal Lake,IL,2
Crystal Springs,Crystal Springs,MS,2
Cuero,Cuero,TX,1
Cullen,Cullen,LA,1
Cullman,Cullman,AL,2
Culpeper,Culpeper,VA,2
Culver City,Culver City,CA,2
Cumberland,Cumberland,MD,2
Cumming,Cumming,GA,12
Cuyahoga Falls,Cuyahoga Falls,OH,1
Cypress,Cypress,TX,21
D'Iberville,D'Iberville,MS,1
Dacula,Dacula,GA,4
Dalevile,Daleville,VA,1
Dallas,Dallas,GA,3
Dallas,Dallas,TX,61
Dallastown,Dallastown,PA,1
Dalton,Dalton,GA,1
Dalzell,Dalzell,SC,1
Damascus,Damascus,MD,2
Dana Point,Dana Point,CA,1
Danbury,Danbury,CT,2
Danbury,Danbury,NC,1
Danforth,Danforth,IL,1
Dania Beach,Dania Beach,FL,1
Danielsville,Danielsville,GA,1
Danville,Danville,CA,8
Danville,Danville,IL,2
Danville,Danville,KY,4
Danville,Danville,VA,1
Daphne,Daphne,AL,3
Darien,Darien,CT,2
Darnestown,Darnestown,MD,1
Davenport,Davenport,IA,1
Davidson,Davidson,NC,2
Davidsonville,Davidsonville,MD,1
Davidsville,Davidsville,PA,1
Davie,Davie,FL,3
Davie County,Mocksville,NC,1
Davis,Davis,CA,1
Davison,Davison,MI,1
Dawson,Dawson,MN,1
Dawsonville,Dawsonville,GA,2
Dayton,Dayton,IA,1
Dayton,Dayton,OH,8
Daytona Beach,Daytona Beach,FL,4
De Pere,De Pere,WI,1
DeForest,DeForest,WI,1
DeLand,DeLand,FL,2
DeRidder,DeRidder,LA,1
DeSoto,DeSoto,TX,13
DeWitt,DeWitt,MI,2
Dearborn,Dearborn,MI,1
Decatur,Decatur,AL,1
Decatur,Decatur,GA,4
Decatur,Decatur,IL,1
Deer Park,Deer Park,IL,2
Deerfield,Deerfield,IL,3
Deerfield,Deerfield,MA,1
Deerfield Beach,Deerfield Beach,FL,3
Defiance,Defiance,IA,1
Del City,Del City,OK,4
Del Valle,Austin,TX,1
Delafield,Delafield,WI,1
Deland,DeLand,FL,1
Delavan,Delavan,WI,1
Delaware,Delaware,OH,3
Delmar,Delmar,DE,1
Delran,Delran,NJ,2
Delray Beach,Delray Beach,FL,3
Demopolis,Demopolis,AL,1
Demorest,Demorest,GA,1
Denton,Denton,MD,1
Denton,Denton,TX,15
Denver,Denver,CO,6
Denver,Denver,NC,3
Derby,Derby,KS,2
Derwood,Derwood,MD,1
Des Moines,Des Moines,IA,8
Desoto,DeSoto,TX,1
Destrehan,Destrehan,LA,1
Detroit,Detroit,MI,45
Detroit Lakes,Detroit Lakes,MN,1
Dexter,Dexter,MI,4
Dickinson,Dickinson,TX,4
Dickson,Dickson,TN,1
Dike,Dike,IA,1
Dillon,Dillon,SC,1
District Heights,District Heights,MD,5
Dolton,Dolton,IL,1
Donaldsonville,Donaldsonville,LA,1
Donalsonville,Donalsonville,GA,1
Dorchester,Dorchester,MA,1
Dothan,Dothan,AL,2
Douglas,Douglas,GA,1
Douglasville,Douglasville,GA,13
Dover,Dover,MA,1
Downers Grove,Downers Grove,IL,1
Downey,Downey,CA,3
Downingtown,Downingtown,PA,4
Doylestown,Doylestown,PA,1
Draper,Draper,UT,8
Dripping Springs,Dripping Springs,TX,4
Duarte,Duarte,CA,3
Dublin,Dublin,GA,3
Dublin,Dublin,OH,9
Dubuque,Dubuque,IA,3
Duluth,Duluth,GA,6
Dumas,Dumas,AR,2
Duncan,Duncan,SC,2
Duncanville,Duncanville,TX,8
Dunnellon,Dunnellon,FL,1
Durango,Durango,CO,3
Durant,Durant,IA,1
Durham,Durham,NC,9
Duvall,Duvall,WA,1
Dyersburg,Dyersburg,TN,1
D’Iberville,D'Iberville,MS,1
Eads,Eads,TN,1
Eagan,Eagan,MN,1
Eagle,Eagle,ID,3
Eagle Mountain,Eagle Mountain,UT,1
East Bernard,East Bernard,TX,1
East Camden,East Camden,NJ,1
East Chicago,East Chicago,IN,1
East Cobb,East Cobb,GA,1
East Greenwich,East Greenwich,RI,1
East Haven,East Haven,CT,1
East Lake,East Lake,FL,2
East Lansing,East Lansing,MI,3
East Menlo Park,East Menlo Park,CA,1
East Oakland,East Oakland,CA,1
East Orange,East Orange,NJ,6
East Palo Alto,East Palo Alto,CA,9
East Saint Louis,East St. Louis,IL,1
East St. Louis,East St. Louis,IL,3
East St.Louis,East St. Louis,IL,1
East Wenatchee,East Wenatchee,WA,1
Eastlake,Eastlake,OH,1
Eastland,Eastland,TX,1
Eastman,Eastman,GA,1
Easton,Easton,MD,1
Eastvale,Eastvale,CA,2
Eaton Rapids,Eaton Rapids,MI,1
Eatonton,Eatonton,GA,1
Eau Claire,Eau Claire,WI,2
Eau Gallie,Melbourne,FL,1
Eden,Eden,NC,1
Eden Prairie,Eden Prairie,MN,5
Edgar,Edgar,WI,1
Edgewater,Edgewater,MD,1
Edgewood,Edgewood,MD,1
Edgewood,Edgewood,WA,1
Edina,Edina,MN,2
Edmond,Edmond,OK,6
Edmonds,Edmonds,WA,3
Edwards,Edwards,MS,1
Egg Harbor Township,Egg Harbor Township,NJ,1
El Campo,El Campo,TX,1
El Dorado,El Dorado,AR,1
El Dorado,El Dorado,KS,1
El Dorado Hills,El Dorado Hills,CA,2
El Mirage,El Mirage,AZ,1
El Paso,El Paso,IL,1
El Paso,El Paso,TX,4
El Segundo,El Segundo,CA,1
Elburn,Elburn,IL,1
Eldersburg,Eldersburg,MD,1
Eldridge,Eldridge,IA,2
Elijay,Ellijay,GA,1
Elizabeth,Elizabeth,NJ,1
Elk Grove,Elk Grove,CA,2
Elk River,Elk River,MN,1
Elkhorn,Omaha,NE,4
Elkhorn,Elkhorn,WI,1
Elkin,Elkin,NC,1
Ellaville,Ellaville,GA,1
Ellenwood,Ellenwood,GA,9
Ellicott,Ellicott City,MD,1
Ellicott City,Ellicott City,MD,1
Ellsworth,Ellsworth,WI,1
Elm City,Elm City,NC,1
Elmwood Park,Elmwood Park,NJ,1
Elon,Elon,NC,1
Elsie,Elsie,MI,1
Elyria,Elyria,OH,1
Elysburg,Elysburg,PA,3
Eminence,Eminence,KY,1
Emporia,Emporia,KS,1
Encinitas,Encinitas,CA,1
Encino,Encino,CA,1
Englewood,Englewood,CO,4
Englewood,Englewood,NJ,1
Englewood,Englewood,OH,1
Englishtown,Englishtown,NJ,1
Enid,Enid,OK,2
Ennis,Ennis,TX,1
Enon,Enon,OH,1
Enterprise,Enterprise,AL,4
Enumclaw,Enumclaw,WA,1
Erial,Erial,NJ,1
Erie,Erie,CO,1
Erie,Erie,PA,1
Erin,Erin,WI,1
Essex Fells,Essex Fells,NJ,1
Estacada,Estacada,OR,1
Estero,Estero,FL,1
Estherville,Estherville,IA,1
Euclid,Euclid,OH,1
Eudora,Eudora,KS,1
Eufaula,Eufaula,AL,3
Eugene,Eugene,OR,5
Eureka,Eureka,MO,1
Eustis,Eustis,FL,1
Evans,Evans,GA,2
Everett,Everett,MA,3
Everett,Everett,WA,2
Evergreen,Evergreen,AL,2
Evergreen,Evergreen,CO,1
Evergreen Park,Evergreen Park,IL,1
Ewa Beach,Ewa Beach,HI,5
Fair Oaks Ranch,Fair Oaks Ranch,TX,1
Fairburn,Fairburn,GA,5
Fairfax,Fairfax,VA,4
Fairfield,Fairfield,AL,1
Fairfield,Fairfield,CA,3
Fairfield,Fairfield,CT,2
Fairfield,Fairfield,OH,4
Fairhope,Fairhope,AL,1
Fairmont,Fairmont,MN,1
Fairmont,Fairmont,NC,1
Fairmont,Fairmont,WV,2
Fairview,Fairview,NC,1
Fairview,Fairview,TN,1
Fall River,Fall River,MA,1
Fallbrook,Fallbrook,CA,2
Falls Church,Falls Church,VA,1
Far Rockaway,Far Rockaway,NY,1
Fargo,Fargo,ND,1
Farmers Branch,Farmers Branch,TX,1
Farmerville,Farmerville,LA,1
Farmingdale,Farmingdale,NJ,1
Farmingdale,Farmingdale,NY,1
Farmington,Farmington,MI,2
Farmington,Farmington,NM,1
Farmington Hills,Farmington Hills,MI,4
Farnhamville,Farnhamville,IA,1
Faulkville,Bloomingdale,GA,1
Fayetteville,Fayetteville,AR,6
Fayetteville,Fayetteville,GA,6
Fayetteville,Fayetteville,NC,4
Fayetteville,Fayetteville,TN,1
Federal Way,Federal Way,WA,4
Fenton,Fenton,MI,1
Fernandina Beach,Fernandina Beach,FL,2
Ferndale,Ferndale,WA,4
Festus,Festus,MO,2
Findlay,Findlay,OH,2
Fishers,Fishers,IN,3
Fitchburg,Fitchburg,MA,1
Fitchburg,Fitchburg,WI,1
Fitzgerald,Fitzgerald,GA,1
Flagstaff,Flagstaff,AZ,1
Fletcher,Fletcher,NC,1
Flora,Flora,MS,1
Florence,Florence,AL,4
Florence,Florence,AZ,1
Florence,Florence,KY,1
Florence,Florence,MS,1
Florence,Florence,SC,4
Florida City,Florida City,FL,1
Flower Mound,Flower Mound,TX,10
Flowood,Flowood,MS,2
Floyd Knobs,Floyd Knobs,IN,1
Floyds Knobs,Floyds Knobs,IN,1
Foley,Foley,AL,1
Folsom,Folsom,CA,1
Fond du Lac,Fond du Lac,WI,1
Fontana,Fontana,CA,4
Foothill Ranch,Foothill Ranch,CA,1
Forest Park,Forest Park,GA,1
Forney,Forney,TX,1
Forsyth,Forsyth,GA,1
Fort Atkinson,Fort Atkinson,WI,1
Fort Branch,Fort Branch,IN,1
Fort Collins,Fort Collins,CO,4
Fort Lauderdale,Fort Lauderdale,FL,46
Fort Mill,Fort Mill,SC,7
Fort Myers,Fort Myers,FL,9
Fort Payne,Fort Payne,AL,1
Fort Pierce,Fort Pierce,FL,8
Fort Smith,Fort Smith,AR,2
Fort Valley,Fort Valley,GA,5
Fort Walton Beach,Fort Walton Beach,FL,2
Fort Washington,Fort Washington,PA,1
Fort Wayne,Fort Wayne,IN,7
Fort Worth,Fort Worth,TX,29
Fountain,Fountain,CO,1
Fountain Inn,Fountain Inn,SC,1
Fountain Valley,Fountain Valley,CA,1
Fox Island,Fox Island,WA,1
Foxborough,Foxborough,MA,1
Frackville,Frackville,PA,1
Frankfort,Frankfort,IL,6
Frankfort,Frankfort,KY,1
Franklin,Franklin,GA,1
Franklin,Franklin,MA,1
Franklin,Franklin,MI,1
Franklin,Franklin,OH,1
Franklin,Franklin,TN,6
Franklin,Franklin,TX,1
Franklin,Franklin,WI,3
Franklin Lakes,Franklin Lakes,NJ,2
Franklin Park,Franklin Park,NJ,1
Frederick,Frederick,MD,2
Fredericksburg,Fredericksburg,VA,6
Fredon,Fredon,NJ,1
Freehold,Freehold,NJ,1
Freeport,Freeport,TX,1
Fremont,Fremont,NE,2
Fremont,Fremont,OH,1
French Camp,French Camp,MS,1
Frenchtown,Frenchtown,NJ,1
Fresno,Fresno,CA,10
Fresno,Fresno,TX,1
Friendship,Friendship,MS,1
Friendswood,Friendswood,TX,3
Frisco,Frisco,TX,26
Frontenac,Frontenac,KS,1
Fruita,Fruita,CO,1
Ft.  Mill,Fort Mill,SC,1
Ft. Dodge,Fort Dodge,IA,1
Ft. Lauderdale,Fort Lauderdale,FL,8
Ft. Myers,Fort Myers,FL,1
Ft. Washington,Fort Washington,MD,1
Ft. Wayne,Fort Wayne,IN,2
Fullerton,Fullerton,CA,1
Fulshear,Fulshear,TX,2
Fulton,Fulton,MS,1
Gadsden,Gadsden,AL,3
Gaffney,Gaffney,SC,3
Gainesville,Gainesville,FL,10
Gainesville,Gainesville,GA,9
Gainesville,Gainesville,VA,1
Gainsville,Gainesville,VA,1
Gaithersburg,Gaithersburg,MD,4
Galax,Galax,VA,1
Galena,Galena,OH,1
Galesburg,Galesburg,MI,1
Galloway,Galloway,NJ,1
Galva,Galva,KS,1
Galveston,Galveston,TX,1
Garden City,Garden City,NY,1
Garden Grove,Garden Grove,CA,2
Gardena,Gardena,CA,3
Gardendale,Gardendale,AL,2
Gardner,Gardner,WI,1
Garland,Garland,TX,7
Gary,Gary,IN,1
Gastonia,Gastonia,NC,3
Geismar,Geismar,LA,1
Georgetown,Georgetown,KY,4
Georgetown,Georgetown,TX,3
Germantown,Germantown,MD,5
Gibson City,Gibson City,IL,3
Gibsonia,Gibsonia,PA,3
Gibsonville,Gibsonville,NC,2
Gifford,Gifford,FL,1
Gig Harbor,Gig Harbor,WA,4
Gilbert,Gilbert,AZ,18
Gillette,Gillette,NJ,1
Gilman,Gilman,IL,1
Gilmer,Gilmer,TX,1
Girard,Girard,IL,1
Gladewater,Gladewater,TX,1
Gladwyne,Gladwyne,PA,1
Glasgow,Glasgow,KY,1
Glassboro,Glassboro,NJ,1
Glastonbury,Glastonbury,CT,1
Glen Allen,Glen Allen,VA,4
Glen Burnie,Glen Burnie,MD,3
Glen Carbon,Glen Carbon,IL,1
Glen Ellyn,Glen Ellyn,IL,5
Glen Mills,Glen Mills,PA,1
Glenarden,Glenarden,MD,1
Glendale,Glendale,AZ,5
Glendora,Glendora,CA,2
Glenn Dale,Glenn Dale,MD,3
Glenn Heights,Glenn Heights,TX,1
Glenview,Glenview,IL,3
Gloucester,Gloucester Courthouse,VA,1
Glouster,Glouster,OH,1
Goddard,Goddard,KS,1
Goldsboro,Goldsboro,NC,1
Gonzales,Gonzales,LA,2
Goochland,Goochland,VA,1
Gooding,Gooding,ID,1
Goodyear,Goodyear,AZ,3
Gordo,Gordo,AL,1
Gordon,Gordon,GA,1
Goulds,Goulds,FL,2
Graceville,Graceville,FL,1
Grafton,Grafton,WI,1
Graham,Graham,WA,2
Granada Hills,Granada Hills,CA,1
Grand Bay,Grand Bay,AL,1
Grand Blanc,Grand Blanc,MI,2
Grand Haven,Grand Haven,MI,1
Grand Island,Grand Island,NE,1
Grand Junction,Grand Junction,CO,2
Grand Prairie,Grand Prairie,TX,12
Grand Rapids,Grand Rapids,MI,4
Grandview,Grandview,TX,2
Granger,Granger,TX,1
Granite Bay,Granite Bay,CA,1
Grantham,Grantham,NH,1
Grants Pass,Grants Pass,OR,2
Granville,Granville,OH,1
Grapevine,Grapevine,TX,3
Gray,Gray,GA,1
Grayling,Grayling,MI,2
Grayson,Grayson,GA,4
Great Falls,Great Falls,MT,1
Great Falls,Great Falls,VA,1
Green Bay,Green Bay,WI,2
Green Valley Ranch,Green Valley Ranch,CO,1
Greenback,Greenback,TN,1
Greenbank,Greenbank,WA,1
Greenbelt,Greenbelt,MD,1
Greenbrier,Greenbrier,TN,1
Greeneville,Greeneville,TN,2
Greenland,Greenland,AR,1
Greensboro,Greensboro,NC,15
Greensburg,Greensburg,IN,1
Greensburg,Greensburg,PA,1
Greenville,Greenville,FL,1
Greenville,Greenville,MS,3
Greenville,Greenville,NC,1
Greenville,Greenville,SC,11
Greenwich,Greenwich,CT,4
Greenwood,Greenwood,IN,9
Greenwood,Greenwood,MS,1
Greenwood,Greenwood,SC,3
Greenwood Village,Greenwood Village,CO,1
Greer,Greer,SC,3
Gretna,Gretna,LA,1
Gretna,Gretna,NE,3
Gridley,Gridley,CA,1
Griffin,Griffin,GA,4
Grosse Pointe,Grosse Pointe,MI,1
Grosse Pointe Park,Grosse Pointe Park,MI,1
Groton,Groton,CT,1
Grove,Grove,OK,1
Groveport,Groveport,OH,2
Grover,Grover,NC,1
Groves,Groves,TX,1
Grovetown,Grovetown,GA,2
Gruver,Gruver,TX,1
Guilford,Guilford,IN,1
Gulf Breeze,Gulf Breeze,FL,2
Gulf Shores,Gulf Shores,AL,1
Gurnee,Gurnee,IL,2
Gwynedd Valley,Gwynedd Valley,PA,1
Hagerstown,Hagerstown,MD,1
Haines City,Haines City,FL,1
Hainesport,Hainesport,NJ,1
Hallettsville,Hallettsville,TX,1
Hamilton,Hamilton,OH,4
Hamlet,Hamlet,NC,2
Hampstead,Hampstead,NC,2
Hampton,Hampton,GA,4
Hampton,Hampton,SC,1
Hampton,Hampton,VA,2
Hanford,Hanford,CA,1
Hanover,Hanover,PA,1
Hanover Township,Hanover Township,PA,1
Happy Valley,Happy Valley,OR,2
Harbor City,Harbor City,CA,1
Hardin,Hardin,TX,1
Harker Heights,Harker Heights,TX,3
Harlan,Harlan,IA,1
Harlem,Harlem,NY,7
Harrah,Harrah,OK,1
Harrisburg,Harrisburg,NC,1
Harrisburg,Harrisburg,PA,7
Harrisburg,Harrisburg,SD,1
Harrison,Harrison,AR,1
Hartford,Hartford,AL,1
Hartford,Hartford,CT,1
Hartford,Hartford,WI,1
Hartland,Hartland,MI,2
Hartland,Hartland,WI,6
Hartley,Hartley,IA,1
Hartsville,Hartsville,SC,1
Hartwell,Hartwell,GA,2
Harvey,Harvey,LA,2
Haslet,Haslet,TX,3
Hattiesburg,Hattiesburg,MS,9
Havana,Havana,FL,1
Havelock,Havelock,NC,4
Havre de Grace,Havre de Grace,MD,2
Hawarden,Hawarden,IA,1
Haworth,Haworth,NJ,1
Hawthorn Woods,Hawthorn Woods,IL,1
Hawthorne,Hawthorne,CA,2
Hawthorne,Hawthorne,FL,2
Hayes,Hayes,VA,1
Haymarket,Haymarket,VA,2
Haynesville,Haynesville,LA,1
Hays,Hays,KS,2
Hayward,Hayward,CA,4
Heartland,Heartland,TX,1
Heath,Heath,TX,3
Heber City,Heber City,UT,1
Hebron,Hebron,KY,1
Helena,Helena,AL,1
Helena,Helena,MT,1
Helotes,Helotes,TX,1
Hempstead,Hempstead,NY,1
Henderson,Henderson,KY,1
Henderson,Henderson,NV,4
Henderson,Henderson,TX,2
Hendersonville,Hendersonville,TN,5
Henrico,Richmond,VA,2
Hermitage,Hermitage,PA,2
Hermitage,Hermitage,TN,1
Herndon,Herndon,VA,1
Herriman,Herriman,UT,1
Hialeah,Hialeah,FL,1
Hickory,Hickory,NC,2
Hickory Hills,Hickory Hills,IL,1
High Point,High Point,NC,1
Highland,Highland,UT,5
Highland Home,Highland Home,AL,1
Highland Park,Highland Park,TX,1
Highland Village,Highland Village,TX,1
Highlands Ranch,Highlands Ranch,CO,7
Hilliard,Hilliard,OH,1
Hillsboro,Hillsboro,MO,1
Hillsboro,Hillsboro,OR,1
Hillsborough,Hillsborough,NC,1
Hillsborough,Hillsborough,NJ,4
Hillside,Hillside,NJ,2
Hilo,Hilo,HI,1
Hilton,Hilton,NY,1
Hilton Head,Hilton Head Island,SC,3
Hilton Head Island,Hilton Head Island,SC,2
Hinesville,Hinesville,GA,1
Hingham,Hingham,MA,1
Hinsdale,Hinsdale,IL,3
Ho-Ho-Kus,Ho-Ho-Kus,NJ,1
Hoboken,Hoboken,NJ,1
Hodgenville,Hodgenville,KY,1
Hoffman Estates,Hoffman Estates,IL,2
Hogansville,Hogansville,GA,2
Holbrook,Holbrook,NY,1
Holladay,Holladay,UT,2
Holland,Holland,MI,3
Holland,Holland,NJ,1
Holland,Holland,PA,1
Hollis,Hollis,NH,1
Holliston,Holliston,MA,1
Hollywood,Hollywood,FL,10
Holmdel,Holmdel,NJ,1
Holmen,Holmen,WI,1
Holt,Holt,MI,2
Homerville,Homerville,GA,1
Homestead,Homestead,FL,2
Homestead,Homestead,PA,1
Homewood,Homewood,AL,1
Homewood,Homewood,IL,2
Honea Path,Honea Path,SC,1
Honolulu,Honolulu,HI,21
Hooks,Hooks,TX,1
Hoover,Hoover,AL,11
Hope,Hope,AR,1
Hopewell,Hopewell,VA,1
Horace,Horace,ND,1
Horn Lake,Horn Lake,MS,2
Hoschton,Hoschton,GA,3
Houlton,Houlton,WI,2
Houma,Houma,LA,4
Houston,Houston,TX,104
Hubbard,Hubbard,OH,1
Huber Heights,Huber Heights,OH,1
Hudson,Hudson,MA,1
Hudson,Hudson,OH,1
Hudsonville,Hudsonville,MI,2
Hueytown,Hueytown,AL,1
Hughes,Hughes,AR,1
Humble,Humble,TX,7
Humboldt,Humboldt,IA,2
Huntersville,Huntersville,NC,2
Huntington Beach,Huntington Beach,CA,10
Huntingtown,Huntingtown,MD,2
Huntley,Huntley,IL,1
Huntsville,Huntsville,AL,9
Huntsville,Huntsville,TX,2
Hurricane,Hurricane,WV,1
Hutchinson,Hutchinson,MN,2
Huxley,Huxley,IA,1
Hyattsville,Hyattsville,MD,2
Hyde Park,Hyde Park,MA,3
Idaho Falls,Idaho Falls,ID,2
Ijamsville,Ijamsville,MD,1
Independence,Independence,MO,1
Independence,Independence,MS,1
Indian Trail,Indian Trail,NC,2
Indianapolis,Indianapolis,IN,37
Indianola,Indianola,IA,1
Indio,Indio,CA,1
Inglewood,Inglewood,CA,15
Inkster,Inkster,MI,2
Inland Empire,Inland Empire,CA,2
Inman,Inman,SC,4
Inwood,Inwood,WV,1
Iowa,Iowa,LA,1
Iowa City,Iowa City,IA,5
Iowa Falls,Iowa Falls,IA,1
Irmo,Irmo,SC,5
Ironton,Ironton,OH,4
Irvine,Irvine,CA,4
Irving,Irving,TX,1
Irvington,Irvington,NJ,3
Isle of Palms,Isle of Palms,SC,1
Islip,Islip,NY,1
Itta Bena,Itta Bena,MS,1
Jackonsville,Jacksonville,NC,1
Jackson,Jackson,AL,2
Jackson,Jackson,GA,1
Jackson,Jackson,MO,2
Jackson,Jackson,MS,9
Jackson,Jackson,NJ,1
Jackson,Jackson,OH,1
Jackson,Jackson,TN,2
Jacksonville,Jacksonville,FL,50
Jacksonville,Jacksonville,NC,2
Jamaica,Jamaica,NY,1
Jamesburg,Jamesburg,NJ,1
Jamestown,Jamestown,IN,1
Jamesville,Jamesville,NY,1
Jeannette,Jeannette,PA,1
Jefferson,Jefferson,GA,4
Jefferson,Jefferson,OH,1
Jefferson,Jefferson,TX,1
Jefferson City,Jefferson City,MO,1
Jefferson Hills,Jefferson Hills,PA,1
Jefferson Township,Jefferson Township,NJ,1
Jenks,Jenks,OK,5
Jennings,Jennings,LA,2
Jersey City,Jersey City,NJ,8
Jesup,Jesup,GA,2
John's Creek,Johns Creek,GA,1
Johns Creek,Johns Creek,GA,3
Johnson,Johnson,NE,1
Johnson County,Paintsville,KY,1
Johnston,Johnston,SC,1
Johnston City,Johnston City,IL,1
Joliet,Joliet,IL,1
Jonesboro,Jonesboro,AR,4
Jonesboro,Jonesboro,GA,1
Jonesborough,Jonesborough,TN,2
Judson,Longview,TX,1
Junction City,Junction City,KS,1
Justin,Justin,TX,2
Kahuku,Kahuku,HI,4
Kailua,Kailua,HI,1
Kalamazoo,Kalamazoo,MI,1
Kamas,Kamas,UT,1
Kaneohe,Kaneohe,HI,1
Kankakee,Kankakee,IL,2
Kannapolis,Kannapolis,NC,1
Kansas City,Kansas City,KS,9
Kansas City,Kansas City,MO,21
Kapa'a,Kapa'a,HI,2
Kaplan,Kaplan,LA,1
Kapolei,Kapolei,HI,4
Katy,Katy,TX,34
Kaukauna,Kaukauna,WI,1
Kaysville,Kaysville,UT,2
Kealakekua,Kealakekua,HI,1
Kearney,Kearney,MO,1
Kearney,Kearney,NE,1
Kearny,Kearny,NJ,1
Keller,Keller,TX,4
Kellogg,Kellogg,ID,2
Kemah,Kemah,TX,1
Kenmore,Kenmore,WA,1
Kennedale,Kennedale,TX,2
Kenner,Kenner,LA,3
Kennesaw,Kennesaw,GA,16
Kennewick,Kennewick,WA,2
Kenova,Kenova,WV,2
Kent,Kent,WA,1
Kentfield,Kentfield,CA,1
Kentwood,Kentwood,MI,1
Kernersville,Kernersville,NC,2
Kerrville,Kerrville,TX,1
Keswick,Keswick,VA,1
Kewaunee,Kewaunee,WI,1
Key Biscayne,Key Biscayne,FL,1
Key West,Key West,FL,2
Keyser,Keyser,WV,1
Killeen,Killeen,TX,7
Killen,Killen,AL,1
Kinder,Kinder,LA,1
King of Prussia,King of Prussia,PA,1
Kingland,Kingland,GA,1
Kings Mills,Kings Mills,OH,2
Kings Mountain,Kings Mountain,NC,1
Kingsland,Kingsland,GA,3
Kingsport,Kingsport,TN,1
Kingston Springs,Kingston Springs,TN,1
Kingwood,Houston,TX,1
Kinnelon,Kinnelon,NJ,1
Kirkland,Kirkland,WA,1
Kirkwood,Kirkwood,MO,1
Kissimmee,Kissimmee,FL,10
Klein,Klein,TX,2
Knightdale,Knightdale,NC,3
Knott County,Hindman,KY,1
Knoxville,Knoxville,IA,3
Knoxville,Knoxville,TN,15
Kokomo,Kokomo,IN,1
Kosciusko,Kosciusko,MS,1
Kyle,Kyle,TX,1
La Feria,La Feria,TX,1
La Grange,LaGrange,GA,1
La Grange,La Grange,IL,1
La Grange,La Grange,TX,1
La Grange Park,La Grange Park,IL,1
La Jolla,La Jolla,CA,2
La Marque,La Marque,TX,1
La Porte,La Porte,TX,2
La Puente,La Puente,CA,1
La Vergne,La Vergne,TN,2
La Vista,La Vista,NE,1
LaGrange,LaGrange,GA,5
LaGrange,La Grange,KY,1
LaPlace,Laplace,LA,2
Lacey,Lacey,WA,2
Ladera Ranch,Ladera Ranch,CA,2
Lafayette,Lafayette,CA,3
Lafayette,Lafayette,IN,1
Lafayette,Lafayette,LA,11
Laguna Hills,Laguna Hills,CA,3
Laie,Laie,HI,6
Lake,Lake,MS,1
Lake Braddock,Burke,VA,1
Lake Charles,Lake Charles,LA,5
Lake City,Lake City,FL,4
Lake Elsinore,Lake Elsinore,CA,2
Lake Forest,Lake Forest,CA,1
Lake Forest,Lake Forest,IL,8
Lake Havasu,Lake Havasu City,AZ,1
Lake Mary,Lake Mary,FL,4
Lake Mills,Lake Mills,IA,1
Lake Nona,Orlando,FL,2
Lake Orion,Lake Orion,MI,1
Lake Oswego,Lake Oswego,OR,5
Lake Placid,Lake Placid,FL,1
Lake Stevens,Lake Stevens,WA,3
Lake Villa,Lake Villa,IL,1
Lake Wales,Lake Wales,FL,3
Lake Worth,Lake Worth Beach,FL,2
Lake in the Hills,Lake in the Hills,IL,1
Lakeland,Lakeland,FL,15
Lakeville,Lakeville,MN,4
Lakewood,Lakewood,CA,4
Lakewood,Lakewood,CO,1
Lakewood,Lakewood,OH,2
Lakewood,Lakewood,WA,3
Lakin,Lakin,KS,1
Lancaster,Lancaster,CA,3
Lancaster,Lancaster,OH,1
Lancaster,Lancaster,PA,3
Lancaster,Lancaster,TX,6
Land O' Lakes,Land O' Lakes,FL,1
Landenberg,Landenberg,PA,1
Lanett,Lanett,AL,3
Lanham,Lanham,MD,2
Lansing,Lansing,KS,3
Lansing,Lansing,MI,3
Largo,Largo,MD,3
Las Cruces,Las Cruces,NM,2
Las Vegas,Las Vegas,NV,32
Lathrup Village,Lathrup Village,MI,1
Lauderdale Lakes,Lauderdale Lakes,FL,2
Lauderhill,Lauderhill,FL,4
Laurel,Laurel,MD,3
Laurel,Laurel,MS,1
Laurens,Laurens,SC,3
Lavon,Lavon,TX,1
Lawndale,Lawndale,CA,3
Lawrence,Lawrence,KS,8
Lawrenceville,Lawrenceville,GA,11
Lawton,Lawton,OK,2
Layton,Layton,UT,2
League City,League City,TX,7
Leander,Leander,TX,1
Leavenworth,Leavenworth,KS,1
Leawood,Leawood,KS,4
Lebanon,Lebanon,IN,1
Lebanon,Lebanon,MO,1
Lebanon,Lebanon,OR,2
Lebanon,Lebanon,TN,2
Lee's Summit,Lee's Summit,MO,6
Leechburg,Leechburg,PA,1
Leeds,Leeds,AL,1
Leesburg,Leesburg,FL,1
Leesburg,Leesburg,GA,6
Leesburg,Leesburg,VA,4
Lee’s Summit,Lee's Summit,MO,2
Lehi,Lehi,UT,7
Lehigh Acres,Lehigh Acres,FL,5
Lehigh Valley,Lehigh Valley,PA,1
Lemont,Lemont,IL,1
Lemoore,Lemoore,CA,1
Lena,Lena,IL,2
Lenexa,Lenexa,KS,5
Lenox,Lenox,MA,1
Leo,Leo,IN,2
Leominster,Leominster,MA,1
Leonardtown,Leonardtown,MD,1
Leroy,Leroy,AL,2
Levittown,Levittown,PA,1
Lewis Center,Lewis Center,OH,2
Lewisburg,Lewisburg,TN,1
Lewiston,Lewiston,ID,1
Lewisville,Lewisville,TX,4
Lexington,Lexington,KY,15
Lexington,Lexington,MS,3
Lexington,Lexington,SC,2
Lexington,Lexington,TX,1
Liberty,Liberty,MO,1
Liberty Township,Liberty Township,OH,1
Ligonier,Ligonier,IN,1
Lihue,Lihue,HI,1
Lilburn,Lilburn,GA,2
Lima,Lima,OH,2
Lincoln,Lincoln,NE,11
Lincolnshire,Lincolnshire,IL,1
Lincolnton,Lincolnton,NC,2
Lindale,Lindale,TX,1
Lindenhurst,Lindenhurst,NY,1
Lisle,Lisle,IL,1
Litchfield Park,Litchfield Park,AZ,1
Lithia,Lithia,FL,3
Lititz,Lititz,PA,2
Little Elm,Little Elm,TX,8
Little River,Little River,SC,1
Little Rock,Little Rock,AR,11
Littleton,Littleton,CO,8
Live Oak,Live Oak,FL,2
Livemore,Livemore,CA,1
Livermore,Livermore,CA,2
Livingston,Livingston,AL,1
Livonia,Livonia,MI,2
Loachapoka,Loachapoka,AL,1
Locust Grove,Locust Grove,GA,2
Lodi,Lodi,NJ,1
Loganville,Loganville,GA,10
Lombard,Lombard,IL,1
Lompoc,Lompoc,CA,1
London,London,OH,1
Lone Tree,Lone Tree,CO,2
Long Beach,Long Beach,CA,19
Long Grove,Long Grove,IA,2
Long Island,Long Island,NY,3
Long Lake,Long Lake,MN,1
Longview,Longview,TX,6
Loomis,Loomis,CA,2
Lorain,Lorain,OH,1
Loreauville,Loreauville,LA,1
Loris,Loris,SC,1
Los Alamitos,Los Alamitos,CA,2
Los Angeles,Los Angeles,CA,32
Los Gatos,Los Gatos,CA,3
Louisa,Louisa,VA,1
Louisburg,Louisburg,KS,1
Louisville,Louisville,GA,1
Louisville,Louisville,KY,32
Louisville,Louisville,MS,5
Lovejoy,Lovejoy,GA,2
Loveland,Loveland,CO,2
Loveland,Loveland,OH,1
Lowell,Lowell,MA,1
Lubbock,Lubbock,TX,12
Lucas,Lucas,TX,2
Lucedale,Lucedale,MS,3
Lufkin,Lufkin,TX,3
Lugoff,Lugoff,SC,1
Lumberton,Lumberton,NC,3
Lusby,Lusby,MD,1
Lutcher,Lutcher,LA,1
Lynchburg,Lynchburg,VA,5
Lynden,Lynden,WA,3
Lyndon,Lyndon,KS,1
Lynn,Lynn,MA,1
Lynnwood,Lynnwood,WA,1
Lynwood,Lynwood,CA,1
Mableton,Mableton,GA,2
Macomb,Macomb,MI,2
Macomb Township,Macomb Township,MI,1
Macon,Macon,GA,4
Madeira,Madeira,OH,1
Madera,Madera,CA,1
Madison,Madison,AL,4
Madison,Madison,FL,1
Madison,Madison,MS,6
Madison,Madison,WI,3
Madisonville,Madisonville,KY,1
Magee,Magee,MS,1
Magnolia,Magnolia,TX,3
Mahomet,Mahomet,IL,1
Maiden,Maiden,NC,2
Maineville,Maineville,OH,1
Maitland,Maitland,FL,1
Malibu,Malibu,CA,2
Malvern,Malvern,AR,1
Manassas,Manassas,VA,3
Manchester,Manchester,CT,1
Manchester,Manchester,NH,1
Mandeville,Mandeville,LA,5
Manhattan,Manhattan,KS,5
Manhattan,Manhattan,NY,1
Manhattan Beach,Manhattan Beach,CA,4
Manor,Manor,TX,4
Manorville,Manorville,NY,1
Mansfield,Mansfield,MA,1
Mansfield,Mansfield,OH,3
Mansfield,Mansfield,TX,19
Manteno,Manteno,IL,1
Mantorville,Mantorville,MN,1
Manvel,Manvel,TX,4
Manville,Manville,NJ,1
Many,Many,LA,1
Maple Grove,Maple Grove,MN,3
Maplesville,Maplesville,AL,1
Marana,Marana,AZ,1
Marcellus,Marcellus,MI,1
Margate,Margate,FL,1
Maricopa,Maricopa,AZ,1
Marietta,Marietta,GA,27
Marin City,Marin City,CA,1
Marina,Marina,CA,1
Marion,Marion,IA,1
Marion,Marion,SC,1
Marlin,Marlin,TX,2
Marlow,Marlow,OK,1
Marrero,Marrero,LA,4
Mars,Mars,PA,2
Marshall,Marshall,MI,1
Marshall,Marshall,MN,2
Marshall,Marshall,TX,3
Marshall,Marshall,VA,1
Martin,Martin,TN,2
Martinez,Martinez,CA,1
Martinsburg,Martinsburg,WV,2
Martinsville,Martinsville,VA,1
Marysville,Marysville,KS,1
Marysville,Marysville,OH,1
Maryville,Maryville,TN,1
Mason,Mason,OH,5
Mason,Mason,TX,1
Massapequa,Massapequa,NY,1
Massillon,Massillon,OH,5
Matthews,Matthews,NC,3
Maui,Pukalani,HI,2
Mauldin,Mauldin,SC,3
Maumelle,Maumelle,AR,2
Maunaloa,Maunaloa,HI,1
Mays Landing,Mays Landing,NJ,1
McAlester,McAlester,OK,1
McCordsville,McCordsville,IN,1
McCormick,McCormick,SC,1
McDonald,McDonald,PA,1
McDonough,McDonough,GA,11
McKinney,McKinney,TX,7
McLean,McLean,VA,1
McMinnville,McMinnville,TN,1
McMurray,McMurray,PA,1
McPherson,McPherson,KS,2
McRae,McRae,GA,1
Mcdonough,McDonough,GA,1
Mclean,McLean,VA,2
Mebane,Mebane,NC,1
Mechanicsville,Mechanicsville,VA,1
Medfield,Medfield,MA,1
Medford,Medford,NJ,2
Medford,Medford,OR,1
Medina,Medina,MN,1
Medina,Medina,OH,3
Melbourne,Melbourne,FL,9
Melissa,Melissa,TX,1
Melrose,Melrose,MA,2
Melville,Melville,NY,2
Memphis,Memphis,TN,37
Menasha,Menasha,WI,1
Mendham,Mendham,NJ,1
Mendon,Mendon,UT,1
Menifee,Menifee,CA,2
Menlo Park,Menlo Park,CA,2
Menomonee Falls,Menomonee Falls,WI,3
Mentor,Mentor,OH,5
Mequon,Mequon,WI,2
Merced,Merced,CA,1
Meridian,Meridian,ID,3
Meridian,Meridian,MS,4
Merrillville,Merrillville,IN,3
Merritt Island,Merritt Island,FL,1
Mesa,Mesa,AZ,13
Mesquite,Mesquite,TX,5
Metairie,Metairie,LA,4
Miami,Miami,FL,80
Miami Gardens,Miami Gardens,FL,5
Miamisburg,Miamisburg,OH,1
Michigan City,Michigan City,IN,1
Middle Village,Middle Village,NY,1
Middlesex,Middlesex,NC,2
Middlesex,Middlesex,NJ,1
Middleton,Middleton,WI,2
Middletown,Middletown,DE,3
Middletown,Middletown,MD,1
Middletown,Middletown,NJ,1
Middletown,Middletown,OH,1
Midland,Midland,TX,4
Midlothian,Midlothian,TX,3
Midlothian,Midlothian,VA,2
Midway,Midway,UT,1
Milan,Milan,MI,1
Milford,Milford,DE,1
Milford,Milford,NJ,1
Milford,Milford,OH,1
Milford,Milford,UT,1
Mililani,Mililani,HI,2
Millbrook,Millbrook,NY,1
Millcreek,Millcreek,UT,1
Milledgeville,Milledgeville,GA,2
Millsboro,Millsboro,DE,1
Millstone,Millstone,NJ,1
Millville,Millville,NJ,2
Milton,Milton,FL,2
Milton,Milton,GA,10
Milton,Milton,MA,1
Milwaukee,Milwaukee,WI,6
Milwaukie,Milwaukie,OR,1
Minneapolis,Minneapolis,MN,11
Minneola,Minneola,FL,2
Minnetonka,Minnetonka,MN,1
Miramar,Miramar,FL,5
Mishawaka,Mishawaka,IN,3
Mission,Mission,KS,1
Mission Hills,Mission Hills,CA,3
Mission Viejo,Mission Viejo,CA,9
Missoula,Missoula,MT,1
Missouri City,Missouri City,TX,21
Missouri Valley,Missouri Valley,IA,1
Mitchellville,Mitchellville,MD,1
Mobile,Mobile,AL,19
Modesto,Modesto,CA,2
Mokena,Mokena,IL,1
Moline,Moline,IL,1
Monaca,Monaca,PA,2
Monessen,Monessen,PA,1
Monmouth Beach,Monmouth Beach,NJ,3
Monmouth Junction,Monmouth Junction,NJ,1
Monroe,Monroe,GA,2
Monroe,Monroe,LA,10
Monroe,Monroe,NC,1
Monroe,Monroe,WA,2
Monroe,Monroe,WI,1
Monroeville,Monroeville,AL,1
Monrovia,Monrovia,CA,1
Monsey,Monsey,NY,1
Montclair,Montclair,NJ,5
Monterey,Monterey,CA,1
Montgomery,Montgomery,AL,22
Montgomery,Montgomery,TX,2
Montgomery Village,Montgomery Village,MD,2
Monticello,Monticello,AR,1
Monticello,Monticello,MS,1
Montoursville,Montoursville,PA,1
Montrose,Montrose,CA,1
Montrose,Montrose,MI,1
Montvale,Montvale,NJ,1
Monument,Monument,CO,1
Moody,Moody,AL,1
Moore,Moore,OK,3
Moorestown,Moorestown,NJ,2
Mooresville,Mooresville,NC,4
Moorhead,Moorhead,MN,1
Moorpark,Moorpark,CA,2
Moraga,Moraga,CA,1
Moreland,Moreland,GA,1
Moreno Valley,Moreno Valley,CA,2
Morganfield,Morganfield,KY,1
Morgantown,Morgantown,WV,6
Morrilton,Morrilton,AR,1
Morristown,Morristown,TN,2
Morrow,Morrow,GA,1
Morrow,Morrow,OH,1
Moscow,Moscow,ID,1
Moss Point,Moss Point,MS,2
Moultrie,Moultrie,GA,3
Moundsview,Moundsview,MN,1
Mount Airy,Mount Airy,NC,1
Mount Dora,Mount Dora,FL,2
Mount Joy,Mount Joy,PA,1
Mount Juliet,Mount Juliet,TN,4
Mount Olive,Mount Olive,MS,1
Mount Pleasant,Mount Pleasant,SC,2
Mount Pleasant,Mount Pleasant,TX,1
Mount Prospect,Mount Prospect,IL,2
Mount Vernon,Mount Vernon,GA,1
Mountain Home,Mountain Home,ID,1
Mountain View,Mountain View,CA,5
Mt. Laurel,Mount Laurel,NJ,1
Mt. Washington,Mount Washington,KY,1
Muenster,Muenster,TX,2
Mukilteo,Mukilteo,WA,2
Mullica Hill,Mullica Hill,NJ,1
Mullins,Mullins,SC,1
Mulvane,Mulvane,KS,1
Munford,Munford,AL,1
Murfreesboro,Murfreesboro,TN,10
Murphy,Murphy,NC,1
Murrieta,Murrieta,CA,4
Murrysville,Murrysville,PA,1
Muscle Shoals,Muscle Shoals,AL,1
Muskego,Muskego,WI,2
Muskegon,Muskegon,MI,2
Muskogee,Muskogee,OK,1
Mustang,Mustang,OK,2
Myrtle Beach,Myrtle Beach,SC,5
Nanakuli,Nanakuli,HI,1
Napa,Napa,CA,1
Napavine,Napavine,WA,1
Naperville,Naperville,IL,11
Naples,Naples,FL,12
Napoleonville,Napoleonville,LA,1
Nashville,Nashville,NC,2
Nashville,Nashville,TN,52
Natchitoches,Natchitoches,LA,3
Navarre,Navarre,FL,1
Navasota,Navasota,TX,1
Nazareth,Nazareth,PA,1
Needham,Needham,MA,1
Needville,Needville,TX,2
Neenah,Neenah,WI,2
Nephi,Nephi,UT,1
Neptune Beach,Neptune Beach,FL,1
Nesbit,Nesbit,MS,1
New Albany,New Albany,IN,1
New Albany,New Albany,OH,3
New Berlin,New Berlin,WI,1
New Bern,New Bern,NC,1
New Braunfels,New Braunfels,TX,1
New Canaan,New Canaan,CT,5
New Caney,New Caney,TX,1
New Carlisle,New Carlisle,IN,1
New Castle,New Castle,PA,1
New Fairfield,New Fairfield,CT,1
New Haven,New Haven,CT,3
New Iberia,New Iberia,LA,3
New London,New London,CT,1
New London,New London,NC,1
New Melle,New Melle,MO,1
New Orleans,New Orleans,LA,39
New Palestine,New Palestine,IN,2
New Providence,New Providence,NJ,1
New Roads,New Roads,LA,1
New Rochelle,New Rochelle,NY,1
New Waverly,New Waverly,TX,1
New Windsor,New Windsor,NY,1
New York,New York,NY,4
New York City,New York City,NY,1
Newark,Newark,DE,1
Newark,Newark,NJ,9
Newark,Newark,OH,1
Newark,Newark,TX,1
Newberry,Newberry,SC,1
Newburgh,Newburgh,NY,1
Newbury,Newbury,MA,1
Newbury Park,Newbury Park,CA,3
Newcastle,Newcastle,WA,1
Newland,Newland,NC,1
Newnan,Newnan,GA,4
Newport,Newport,NC,1
Newport Beach,Newport Beach,CA,5
Newton,Newton,MA,1
Newton,Newton,NC,1
Newton,Newton,PA,1
Newton,Newton,TX,2
Niagara Falls,Niagara Falls,NY,1
Niceville,Niceville,FL,3
Nicholasville,Nicholasville,KY,1
Nicholls,Nicholls,GA,1
Niles,Niles,MI,1
Noblesville,Noblesville,IN,3
Nokesville,Nokesville,VA,1
Nokomis,Nokomis,FL,1
Nolensville,Nolensville,TN,2
Norco,Norco,CA,4
Norcross,Norcross,GA,7
Norfolk,Norfolk,NE,2
Norfolk,Norfolk,VA,11
Normal,Normal,IL,2
Norman,Norman,OK,9
Norman Park,Norman Park,GA,1
Norris,Norris,SC,1
North Andover,North Andover,MA,1
North Arlingtong,North Arlingtong,NJ,1
North Augusta,North Augusta,SC,2
North Canton,North Canton,OH,1
North Charleston,North Charleston,SC,1
North Chesterfield,Richmond,VA,1
North Haledon,North Haledon,NJ,1
North Highlands,North Highlands,CA,1
North Hollywood,North Hollywood,CA,1
North Jackson,North Jackson,OH,1
North Las Vegas,North Las Vegas,NV,2
North Liberty,North Liberty,IA,1
North Little Rock,North Little Rock,AR,1
North Ogden,North Ogden,UT,2
North Richland,North Richland Hills,TX,1
North Richland Hills,North Richland Hills,TX,2
North Salem,North Salem,IN,1
North Salt Lake,North Salt Lake,UT,1
North Sioux City,North Sioux City,SD,1
North Tulsa,North Tulsa,OK,1
Northborough,Northborough,MA,1
Northbrook,Northbrook,IL,2
Northport,Northport,AL,1
Northville,Northville,MI,4
Norwalk,Norwalk,CT,2
Norwalk,Norwalk,IA,2
Norwalk,Norwalk,OH,2
Norwell,Norwell,MA,2
Novato,Novato,CA,2
O'Fallon,O'Fallon,MO,2
Oacoma,Oacoma,SD,1
Oak Creek,Oak Creek,WI,2
Oak Grove,Oak Grove,LA,2
Oak Hill,Oak Hill,VA,1
Oak Hills,Oak Hills,CA,1
Oak Lawn,Oak Lawn,IL,2
Oak Park,Oak Park,CA,1
Oak Park,Oak Park,IL,1
Oak Park,Oak Park,MI,1
Oakboro,Oakboro,NC,1
Oakland,Oakland,CA,9
Oakland,Oakland,NE,1
Oakley,Oakley,CA,1
Oakridge,Oak Ridge,FL,1
Ocala,Ocala,FL,3
Ocean Springs,Ocean Springs,MS,3
Ocean Township,Ocean Township,NJ,1
Oceanside,Oceanside,CA,3
Ocilla,Ocilla,GA,2
Ocoee,Ocoee,FL,5
Oconomowoc,Oconomowoc,WI,2
Odebolt,Odebolt,IA,1
Odessa,Odessa,FL,1
Odessa,Odessa,TX,3
Ogden,Ogden,UT,1
Ohatchee,Ohatchee,AL,1
Ojai,Ojai,CA,1
Oklahoma City,Oklahoma City,OK,17
Olathe,Olathe,KS,8
Olive Branch,Olive Branch,MS,2
Olivette,Olivette,MO,1
Olmsted Falls,Olmsted Falls,OH,1
Olney,Olney,MD,3
Olympia,Olympia,WA,2
Omaha,Omaha,NE,33
Ona,Ona,WV,1
Ontario,Ontario,CA,6
Ooltewah,Ooltewah,TN,1
Opa-locka,Opa-locka,FL,1
Opelika,Opelika,AL,5
Opelousas,Opelousas,LA,1
Orange,Orange,CA,4
Orange,Orange City,FL,1
Orange,Orange,TX,6
Orange Beach,Orange Beach,AL,1
Orange City,Orange City,FL,1
Orange County,Mission Viejo,CA,1
Orange Park,Orange Park,FL,3
Orefield,Orefield,PA,1
Oregon City,Oregon City,OR,1
Orem,Orem,UT,5
Orinda,Orinda,CA,2
Orion,Orion,IL,1
Orland Park,Orland Park,IL,1
Orlando,Orlando,FL,37
Ormond Beach,Ormond Beach,FL,1
Oro Valley,Oro Valley,AZ,1
Oshkosh,Oshkosh,WI,1
Osseo,Osseo,MN,1
Oswego,Oswego,IL,2
Oswego,Oswego,KS,1
Overland Park,Overland Park,KS,10
Oviedo,Oviedo,FL,3
Owasso,Owasso,OK,3
Owensboro,Owensboro,KY,2
Owings,Owings,MD,2
Oxford,Oxford,AL,2
Oxford,Oxford,GA,1
Oxford,Oxford,MI,1
Oxford,Oxford,MS,4
Oxnard,Oxnard,CA,5
Oxon Hill,Oxon Hill,MD,1
Ozark,Ozark,AR,1
Pace,Pace,FL,2
Pacific Palisades,Pacific Palisades,CA,1
Pacoima,Pacoima,CA,1
Pahokee,Pahokee,FL,5
Paige,Paige,TX,1
Palatine,Palatine,IL,2
Palestine,Palestine,TX,1
Palm Bay,Palm Bay,FL,2
Palm Beach Gardens,Palm Beach Gardens,FL,3
Palm Coast,Palm Coast,FL,1
Palm Desert,Palm Desert,CA,1
Palm Harbor,Palm Harbor,FL,2
Palmdale,Palmdale,CA,5
Palmetto,Palmetto,FL,2
Palmyra,Palmyra,PA,1
Palmyra,Palmyra,VA,1
Palo Alto,Palo Alto,CA,1
Palos Verdes,Palos Verdes,CA,1
Palos Verdes Estates,Palos Verdes Estates,CA,2
Panama City,Panama City,FL,1
Papillion,Papillion,NE,1
Paris,Paris,TN,2
Paris,Paris,TX,2
Park City,Park City,UT,2
Park Ridge,Park Ridge,IL,1
Parker,Parker,CO,1
Parkersburg,Parkersburg,WV,1
Parkin,Parkin,AR,1
Parkland,Parkland,FL,1
Parkton,Parkton,NC,1
Parkville,Parkville,MO,3
Parsippany,Parsippany,NJ,2
Pasadena,Pasadena,CA,12
Pasadena,Pasadena,MD,2
Pasco,Pasco,WA,2
Paterson,Paterson,NJ,4
Paulsboro,Paulsboro,NJ,1
Paw Paw,Paw Paw,MI,1
Pawhuska,Pawhuska,OK,2
Pawleys Island,Pawleys Island,SC,1
Paxton,Paxton,MA,1
Payson,Payson,UT,1
Peachtree City,Peachtree City,GA,1
Pearcy,Pearcy,AR,1
Pearl City,Pearl City,HI,1
Pearland,Pearland,TX,9
Pelahatchie,Pelahatchie,MS,1
Pelham,Pelham,AL,1
Pella,Pella,IA,1
Pembroke Pines,Pembroke Pines,FL,3
Pendleton,Pendleton,IN,2
Pennington,Pennington,NJ,1
Pennsauken,Pennsauken,NJ,3
Pensacola,Pensacola,FL,11
Peoria,Peoria,AZ,6
Peoria,Peoria,IL,3
Perham,Perham,MN,1
Perkasie,Perkasie,PA,1
Perris,Perris,CA,1
Perry,Perry,FL,2
Perry,Perry,GA,2
Perry,Perry,OH,1
Perrysburg,Perrysburg,OH,2
Petal,Petal,MS,3
Pflugerville,Pflugerville,TX,3
Phenix City,Phenix City,AL,9
Philadelphia,Philadelphia,MS,3
Philadelphia,Philadelphia,PA,35
Phoenix,Phoenix,AZ,30
Phoenix,Phoenix,MD,1
Picayune,Picayune,MS,1
Pickerington,Pickerington,OH,14
Piedmont,Piedmont,CA,1
Piedmont,Piedmont,OK,1
Piedmont,Piedmont,SC,2
Pierce,Pierce,NE,1
Pierre,Pierre,SD,2
Pike Road,Pike Road,AL,3
Pikesville,Pikesville,MD,1
Pikeville,Pikeville,KY,1
Pilot Mountain,Pilot Mountain,NC,3
Pine Bluff,Pine Bluff,AR,4
Pine Mountain,Pine Mountain,GA,1
Pinecrest,Pinecrest,FL,1
Pinehurst,Pinehurst,NC,1
Pinson,Pinson,AL,5
Pittsburg,Pittsburg,CA,7
Pittsburg,Pittsburg,KS,1
Pittsburgh,Pittsburgh,PA,22
Pittsford,Pittsford,NY,1
Plainfield,Plainfield,IL,4
Plainfield,Plainfield,IN,1
Plainfield,Plainfield,NJ,2
Plainsboro,Plainsboro,NJ,1
Plainville,Plainville,KS,2
Plano,Plano,TX,6
Plant City,Plant City,FL,4
Plantation,Plantation,FL,8
Platte City,Platte City,MO,1
Platville,Platville,AL,1
Playa del Rey,Playa del Rey,CA,1
Pleasant Grove,Pleasant Grove,AL,2
Pleasant Grove,Pleasant Grove,UT,2
Pleasant Hill,Pleasant Hill,IA,1
Pleasant Valley,Pleasant Valley,IA,1
Pleasantville,Pleasantville,NJ,2
Point Roberts,Point Roberts,WA,1
Pomfret,Pomfret,CT,1
Pompano Beach,Pompano Beach,FL,7
Ponca City,Ponca City,OK,1
Ponce Inlet,Ponce Inlet,FL,1
Ponchatoula,Ponchatoula,LA,2
Ponte Vedra,Ponte Vedra Beach,FL,1
Ponte Vedra Beach,Ponte Vedra Beach,FL,2
Pontiac,Pontiac,MI,1
Pontotoc,Pontotoc,MS,1
Poplarville,Poplarville,MS,1
Port Arthur,Port Arthur,TX,2
Port Chester,Port Chester,NY,1
Port Huron,Port Huron,MI,1
Port Neches,Port Neches,TX,1
Port Neches Grove,Port Neches,TX,1
Port Saint Joe,Port St. Joe,FL,1
Port St. Joe,Port St. Joe,FL,1
Port St. Lucie,Port St. Lucie,FL,5
Port Sulpher,Port Sulphur,LA,1
Portage,Portage,MI,3
Portland,Portland,OR,27
Portsmouth,Portsmouth,VA,3
Post,Post,TX,1
Potomac,Potomac,MD,3
Pottsgrove,Pottsgrove,PA,1
Pottsville,Pottsville,PA,1
Poway,Poway,CA,1
Powder Springs,Powder Springs,GA,6
Powell,Powell,OH,3
Powell,Powell,TN,2
Prague,Prague,OK,2
Prairie Du Sac,Prairie Du Sac,WI,1
Prairie Village,Prairie Village,KS,2
Prattville,Prattville,AL,2
Prince George,Prince George,VA,1
Princeton,Princeton,IL,1
Princeton,Princeton,NJ,3
Princeton,Princeton,WV,1
Prior Lake,Prior Lake,MN,3
Prosper,Prosper,TX,3
Providence,Providence,UT,1
Providence Village,Providence Village,TX,1
Provo,Provo,UT,7
Pueblo,Pueblo,CO,1
Pukalani,Pukalani,HI,1
Punta Gorda,Punta Gorda,FL,1
Purcellville,Purcellville,VA,1
Purchase,Purchase,NY,1
Puyallup,Puyallup,WA,4
Quakertown,Quakertown,PA,1
Queen City,Queen City,TX,1
Queen Creek,Queen Creek,AZ,5
Queens,Queens,NY,1
Quincy,Quincy,FL,2
RIchmond,Richmond,VA,1
Rabun County,Rabun Gap,GA,1
Raceland,Raceland,LA,1
Racine,Racine,WI,2
Radcliff,Radcliff,KY,3
Radford,Radford,VA,2
Rahway,Rahway,NJ,1
Raiford,Raiford,FL,1
Raleigh,Raleigh,MS,1
Raleigh,Raleigh,NC,21
Ramsey,Ramsey,NJ,4
Rancho Cucamonga,Rancho Cucamonga,CA,7
Rancho Santa Fe,Rancho Santa Fe,CA,1
Rancho Santa Margarita,Rancho Santa Margarita,CA,4
Randallstown,Randallstown,MD,1
Rapid City,Rapid City,SD,1
Raymore,Raymore,MO,3
Raynham,Raynham,MA,1
Reading,Reading,PA,3
Red Bank,Red Bank,NJ,1
Red Oak,Red Oak,TX,4
Redding,Redding,CA,1
Redford,Redford,MI,1
Redlands,Redlands,CA,2
Redondo Beach,Redondo Beach,CA,1
Redwood City,Redwood City,CA,1
Reform,Reform,AL,1
Reno,Reno,NV,5
Renton,Renton,WA,2
Reston,Reston,VA,1
Rex,Rex,GA,1
Reynoldsburg,Reynoldsburg,OH,1
Rialto,Rialto,CA,2
Riceboro,Riceboro,GA,1
Richardson,Richardson,TX,2
Richboro,Richboro,PA,1
Richfield,Richfield,NC,1
Richfield,Richfield,UT,1
Richland,Richland,WA,1
Richmond,Richmond,CA,3
Richmond,Richmond,KY,1
Richmond,Richmond,TX,8
Richmond,Richmond,VA,35
Richmond Heights,Richmond Heights,FL,1
Richmond Hill,Richmond Hill,GA,2
Richton Park,Richton Park,IL,1
Richwood,Richwood,OH,1
Ridgefield Park,Ridgefield Park,NJ,1
Ridgeland,Ridgeland,MS,1
Ridgely,Ridgely,MD,2
Rigby,Rigby,ID,1
Ringgold,Ringgold,GA,1
Rio Hondo,Rio Hondo,TX,1
Rio Linda,Rio Linda,CA,1
Ripon,Ripon,CA,2
Rison,Rison,AR,1
River Rouge,River Rouge,MI,1
Riverdale,Riverdale,GA,1
Riverside,Riverside,CA,6
Riverton,Riverton,UT,1
Riviera Beach,Riviera Beach,FL,3
Roanoke,Roanoke,AL,2
Roanoke,Roanoke,VA,4
Robbinsville,Robbinsville,NJ,1
Robins,Robins AFB,GA,1
Robins,Robins,IA,1
Roca,Roca,NE,2
Rochelle,Rochelle,GA,1
Rochester,Rochester,IL,1
Rochester,Rochester,MI,2
Rochester,Rochester,NY,3
Rock Hill,Rock Hill,SC,8
Rock Rapids,Rock Rapids,IA,2
Rock Valley,Rock Valley,IA,1
Rockdale,Rockdale,TX,2
Rockingham,Rockingham,NC,2
Rockledge,Rockledge,FL,4
Rocklin,Rocklin,CA,1
Rockwall,Rockwall,TX,7
Rocky Hill,Rocky Hill,CT,1
Rocky Mount,Rocky Mount,NC,2
Roebuck,Roebuck,SC,2
Rohnert Park,Rohnert Park,CA,2
Rolesville,Rolesville,NC,1
Rome,Rome,GA,5
Romeo,Romeo,MI,1
Rose Hill,Rose Hill,KS,2
Roseburg,Roseburg,OR,1
Roseland,Roseland,NJ,2
Rosemary Beach,Santa Rosa Beach,FL,1
Rosemount,Rosemount,MN,2
Roseville,Roseville,CA,4
Roseville,Roseville,MI,2
Roswell,Roswell,GA,18
Round Hill,Round Hill,VA,1
Round Rock,Round Rock,TX,8
Rowland Heights,Rowland Heights,CA,1
Rowlett,Rowlett,TX,1
Roxboro,Roxboro,NC,1
Roy,Roy,UT,1
Royal Center,Royal Center,IN,1
Royersford,Royersford,PA,2
Royse City,Royse City,TX,2
Russellville,Russellville,AL,1
Rutherford,Rutherford,NJ,1
Rutherfordton,Rutherfordton,NC,1
Sabetha,Sabetha,KS,1
Sachse,Sachse,TX,2
Sacramento,Sacramento,CA,12
Saddle River,Saddle River,NJ,1
Saint Augustine,St. Augustine,FL,1
Saint Charles,St. Charles,IL,1
Saint Croix Falls,St. Croix Falls,WI,1
Saint Francis,St. Francis,MN,1
Saint George,St. George,UT,1
Saint James,St. James,LA,1
Saint Johns,St. Johns,FL,1
Saint Louis,St. Louis,MO,1
Saint Paul,St. Paul,MN,1
Saint Petersburg,St. Petersburg,FL,1
Salem,Salem,MA,1
Salem,Salem,OR,3
Salem,Salem,UT,1
Salem,Salem,VA,3
Salina,Salina,KS,2
Salinas,Salinas,CA,1
Saline,Saline,MI,2
Salisbury,Salisbury,MD,1
Salisbury,Salisbury,NC,3
Sallis,Sallis,MS,1
Salt Lake City,Salt Lake City,UT,21
Sammamish,Sammamish,WA,4
San Angelo,San Angelo,TX,1
San Antonio,San Antonio,TX,18
San Bernardino,San Bernardino,CA,2
San Bruno,San Bruno,CA,2
San Clemente,San Clemente,CA,7
San Diego,San Diego,CA,38
San Francisco,San Francisco,CA,7
San Jacinto,San Jacinto,CA,3
San Jose,San Jose,CA,9
San Juan Capistrano,San Juan Capistrano,CA,4
San Leandro,San Leandro,CA,2
San Marcos,San Marcos,CA,4
San Mateo,San Mateo,CA,4
San Pedro,San Pedro,CA,2
San Ramon,San Ramon,CA,1
San Tan Valley,San Tan Valley,AZ,2
Sandersville,Sandersville,GA,1
Sandston,Sandston,VA,1
Sandy,Sandy,UT,5
Sanford,Sanford,FL,8
Sanford,Sanford,NC,1
Santa Ana,Santa Ana,CA,8
Santa Barbara,Santa Barbara,CA,2
Santa Clara,Santa Clara,CA,2
Santa Clara,Santa Clara,UT,1
Santa Clarita,Santa Clarita,CA,2
Santa Cruz,Santa Cruz,CA,2
Santa Margarita,Santa Margarita,CA,1
Santa Monica,Santa Monica,CA,1
Santa Rosa,Santa Rosa,CA,2
Santee,Santee,SC,1
Saraland,Saraland,AL,3
Saranac Lake,Saranac Lake,NY,1
Sarasota,Sarasota,FL,10
Saratoga Springs,Saratoga Springs,UT,2
Sardis,Sardis,MS,1
Savannah,Savannah,GA,21
Savannah,Savannah,TN,1
Schererville,Schererville,IN,1
Schnecksville,Schnecksville,PA,1
Schuylkill Haven,Schuylkill Haven,PA,1
Science Hill,Science Hill,KY,1
Scituate,Scituate,MA,2
Scottsbluff,Scottsbluff,NE,1
Scottsdale,Scottsdale,AZ,22
Scranton,Scranton,IA,1
Scranton,Scranton,PA,2
Seabrook,Seabrook,SC,1
Searcy,Searcy,AR,2
Seat Pleasant,Seat Pleasant,MD,2
Seattle,Seattle,WA,20
Sedalia,Sedalia,CO,2
Seffner,Seffner,FL,4
Selby,Selby,SD,1
Selma,Selma,AL,2
Seminole,Seminole,FL,1
Sergeant Bluff,Sergeant Bluff,IA,1
Severn,Severn,MD,1
Severna Park,Severna Park,MD,2
Seward,Seward,NE,1
Sewell,Sewell,NJ,1
Shaker Heights,Shaker Heights,OH,1
Shakopee,Shakopee,MN,3
Shallotte,Shallotte,NC,1
Sharpsburg,Sharpsburg,GA,3
Shavertown,Shavertown,PA,1
Shawnee,Shawnee,KS,3
Shawnee Mission,Shawnee Mission,KS,1
Shelby,Shelby,NC,7
Shelby,Shelby,OH,1
Shelbyville,Shelbyville,TN,1
Shell,Shell,WY,1
Shenandoah,Shenandoah,IA,1
Sherman Oaks,Sherman Oaks,CA,1
Shillington,Shillington,PA,2
Shiner,Shiner,TX,1
Shippensburg,Shippensburg,PA,1
Shoreline,Shoreline,WA,1
Shorewood,Shorewood,WI,1
Short Hills,Short Hills,NJ,1
Shreveport,Shreveport,LA,7
Sicklerville,Sicklerville,NJ,6
Sickles,Tampa,FL,1
Sierra Vista,Sierra Vista,AZ,1
Siloam Springs,Siloam Springs,AR,1
Silver Creek,Silver Creek,MS,1
Silver Spring,Silver Spring,MD,4
Silverdale,Silverdale,WA,1
Silverton,Silverton,OR,2
Simi Valley,Simi Valley,CA,7
Sioux Center,Sioux Center,IA,1
Sioux City,Sioux City,IA,1
Sioux Falls,Sioux Falls,SD,3
Six Mile,Six Mile,SC,3
Skaneateles,Skaneateles,NY,1
Skillman,Skillman,NJ,1
Skokie,Skokie,IL,1
Slidell,Slidell,LA,1
Slinger,Slinger,WI,1
Smithfield,Smithfield,UT,1
Smyrna,Smyrna,DE,1
Smyrna,Smyrna,GA,3
Smyrna,Smyrna,TN,1
Snellville,Snellville,GA,8
Snohomish,Snohomish,WA,2
Snoqualmie,Snoqualmie,WA,4
Solana Beach,Solana Beach,CA,1
Solon,Solon,IA,1
Solon,Solon,OH,2
Somers,Somers,NY,1
Somerset,Somerset,KY,2
Somerset,Somerset,NJ,2
Sonora,Sonora,CA,2
Sophia,Sophia,WV,1
South Bend,South Bend,IN,2
South Brunswick,South Brunswick,NJ,1
South Central,Los Angeles,CA,1
South Central Los Angeles,Los Angeles,CA,2
South Chesterfield,Colonial Heights,VA,1
South Elgin,South Elgin,IL,1
South Hill,South Hill,WA,1
South Holland,South Holland,IL,1
South Jordan,South Jordan,UT,8
South Kent,Kent,CT,1
South Lake Tahoe,South Lake Tahoe,CA,1
South Lyon,South Lyon,MI,1
South Miami,South Miami,FL,2
South Pasadena,South Pasadena,CA,1
South Riding,South Riding,VA,1
Southaven,Southaven,MS,2
Southeast San Diego,Southeast San Diego,CA,1
Southern Pines,Southern Pines,NC,1
Southfield,Southfield,MI,6
Southlake,Southlake,TX,13
Spanaway,Spanaway,WA,1
Spanish Fork,Spanish Fork,UT,3
Spanish Fort,Spanish Fort,AL,1
Sparr,Ocala,FL,1
Spartanburg,Spartanburg,SC,3
Spearman,Spearman,TX,1
Spencer,Spencer,NC,1
Spokane,Spokane,WA,7
Spotswood,Spotswood,NJ,1
Spotsylvania,Spotsylvania Courthouse,VA,2
Spring,Spring,TX,5
Spring Branch,Spring Branch,TX,2
Spring Green,Spring Green,WI,1
Spring Grove,Spring Grove,IL,1
Spring Hill,Spring Hill,TN,3
Spring Valley,Spring Valley,CA,1
Spring Valley,Spring Valley,IL,1
Spring Valley,Spring Valley,WI,1
Springdale,Springdale,AR,3
Springdale,Springdale,MD,1
Springfield,Springfield,IL,3
Springfield,Springfield,KY,1
Springfield,Springfield,MA,6
Springfield,Springfield,MO,2
Springfield,Springfield,OH,3
Springfield,Springfield,OR,1
Springfield,Springfield,VA,3
Springville,Springville,UT,1
St. Amant,St. Amant,LA,1
St. Augustine,St. Augustine,FL,2
St. Charles,St. Charles,IL,4
St. Charles,St. Charles,MO,2
St. Clairsville,St. Clairsville,OH,1
St. Cloud,St. Cloud,MN,1
St. Francis,St. Francis,KS,1
St. Gabriel,St. Gabriel,LA,1
St. George,St. George,UT,6
St. James,St. James,LA,1
St. Johns,St. Johns,MI,1
St. Louis,St. Louis,MO,40
St. Matthews,St. Matthews,SC,1
St. Paul,St. Paul,MN,2
St. Petersburg,St. Petersburg,FL,16
St. Rose,St. Rose,LA,1
St. Simons Island,St. Simons,GA,1
Stafford,Stafford,TX,1
Stafford,Stafford Courthouse,VA,6
Stanhope,Stanhope,NJ,1
Stanwood,Stanwood,WA,1
Starke,Starke,FL,4
Starkville,Starkville,MS,3
State College,State College,PA,3
Staten Island,Staten Island,NY,5
Statesboro,Statesboro,GA,4
Statesville,Statesville,NC,1
Stayton,Stayton,OR,1
Steilacoom,Steilacoom,WA,1
Stephens City,Stephens City,VA,1
Stephenville,Stephenville,TX,1
Sterling,Sterling,VA,2
Sterling Heights,Sterling Heights,MI,2
Steubenville,Steubenville,OH,1
Stevens,Stevens,PA,1
Stevenson Ranch,Stevenson Ranch,CA,2
Stillwater,Stillwater,MN,2
Stillwater,Stillwater,OK,10
Stilwell,Stilwell,KS,2
Stockbridge,Stockbridge,GA,3
Stockton,Stockton,CA,6
Stone Mountain,Stone Mountain,GA,5
Story City,Story City,IA,1
Stoughton,Stoughton,WI,2
Stow,Stow,OH,1
Stratford,Stratford,WI,1
Streetsboro,Streetsboro,OH,1
Strongsville,Strongsville,OH,3
Stroudsburg,Stroudsburg,PA,1
Stuart,Stuart,FL,2
Suamico,Suamico,WI,1
Subligna,Subligna,GA,1
Sudbury,Sudbury,MA,2
Suffield,Suffield,CT,1
Suffolk,Suffolk,VA,3
Sugar Hill,Sugar Hill,GA,1
Sugar Land,Sugar Land,TX,4
Summerville,Summerville,SC,1
Summit,Summit,NJ,2
Sumner,Sumner,WA,2
Sumrall,Sumrall,MS,1
Sumter,Sumter,SC,11
Sun Prairie,Sun Prairie,WI,4
Sunnyvale,Sunnyvale,TX,1
Sunrise,Sunrise,FL,5
Sunset,Sunset,LA,1
Sunset Beach,Pupukea,HI,1
Surprise,Surprise,AZ,1
Sussex,Sussex,WI,3
Suwanee,Suwanee,GA,20
Swainsboro,Swainsboro,GA,4
Swansboro,Swansboro,NC,1
Sykesville,Sykesville,MD,1
Sylva,Sylva,NC,1
Syracuse,Syracuse,NY,4
Syracuse,Syracuse,UT,1
Tacoma,Tacoma,WA,10
Talihina,Talihina,OK,1
Tallahassee,Tallahassee,FL,23
Tallmadge,Tallmadge,OH,1
Tamarac,Tamarac,FL,1
Tampa,Tampa,FL,53
Tappahannock,Tappahannock,VA,1
Tarrytown,Tarrytown,NY,1
Tatum,Tatum,TX,1
Taylors,Taylors,SC,1
Taylorsville,Taylorsville,MS,2
Taylorsville,Taylorsville,NC,1
Taylorsville,Taylorsville,UT,2
Teaneck,Teaneck,NJ,1
Temecula,Temecula,CA,7
Tempe,Tempe,AZ,4
Temple,Temple,TX,6
Temple Hills,Temple Hills,MD,1
Templeton,Templeton,CA,1
Tenaha,Tenaha,TX,1
Tenino,Tenino,WA,1
Terrell,Terrell,TX,1
Texarkana,Texarkana,AR,1
Texarkana,Texarkana,TX,5
The Colony,The Colony,TX,1
The Woodlands,The Woodlands,TX,10
Theodore,Theodore,AL,3
Thibodaux,Thibodaux,LA,1
Thomas,Thomas,OK,1
Thomaston,Thomaston,GA,1
Thomasville,Thomasville,GA,3
Thompson's Station,Thompson's Station,TN,3
Thousand Oaks,Thousand Oaks,CA,2
Tiffin,Tiffin,IA,1
Tifton,Tifton,GA,3
Tigard,Tigard,OR,1
Tiger,Tiger,GA,2
Timmonsville,Timmonsville,SC,1
Timonium,Timonium,MD,1
Tinley Park,Tinley Park,IL,1
Tipp City,Tipp City,OH,1
Tipton,Tipton,IA,1
Tipton,Tipton,IN,1
Titusville,Titusville,FL,3
Toccoa,Toccoa,GA,2
Toledo,Toledo,OH,3
Tomball,Tomball,TX,6
Tooele,Tooele,UT,1
Topeka,Topeka,KS,2
Torrance,Torrance,CA,2
Towson,Towson,MD,3
Tracy,Tracy,CA,1
Tracy,Tracy,MN,1
Trafford,Trafford,PA,1
Traverse City,Traverse City,MI,3
Trenton,Trenton,NJ,3
Trenton,Trenton,TN,3
Trophy Club,Trophy Club,TX,1
Troy,Troy,MI,1
Troy,Troy,MO,1
Trumbull,Trumbull,CT,1
Trussville,Trussville,AL,12
Tualatin,Tualatin,OR,2
Tucker,Tucker,GA,2
Tucson,Tucson,AZ,17
Tulsa,Tulsa,OK,22
Tumwater,Tumwater,WA,3
Tunica,Tunica,MS,2
Tupelo,Tupelo,MS,5
Turlock,Turlock,CA,3
Turpin,Turpin,OK,1
Tuscaloosa,Tuscaloosa,AL,10
Tuscola,Tuscola,TX,1
Tuscon,Tucson,AZ,1
Tuskegee,Tuskegee,AL,1
Tustin,Tustin,CA,1
Twentynine Palms,Twentynine Palms,CA,1
Tyler,Tyler,TX,9
Tylertown,Tylertown,MS,2
Tyrone,Tyrone,GA,4
Underwood,Underwood,IA,1
Union,Union,KY,2
Union,Union,NJ,2
Union City,Union City,NJ,1
Uniontown,Uniontown,PA,2
Upland,Upland,CA,3
Upper Arlington,Upper Arlington,OH,1
Upper Marlboro,Upper Marlboro,MD,12
Upper Saddle River,Upper Saddle River,NJ,1
Upton,Upton,KY,1
Urbandale,Urbandale,IA,5
Vacaville,Vacaville,CA,3
Vacherie,Vacherie,LA,1
Valdosta,Valdosta,GA,9
Valencia,Valencia,CA,1
Vallejo,Vallejo,CA,1
Valley Center,Valley Center,CA,1
Valley Stream,Valley Stream,NY,1
Valparaiso,Valparaiso,IN,1
Valrico,Valrico,FL,1
Van Meter,Van Meter,IA,2
Van Nuys,Van Nuys,CA,3
Vancouver,Vancouver,WA,3
Varnville,Varnville,SC,1
Venice,Venice,FL,3
Ventura,Ventura,CA,3
Veradale,Veradale,WA,2
Vero Beach,Vero Beach,FL,2
Verona,Verona,NJ,1
Verona,Verona,WI,4
Vestavia Hills,Vestavia Hills,AL,7
Vian,Vian,OK,1
Vicksburg,Vicksburg,MS,3
Victor,Victor,NY,2
Victoria,Victoria,MN,1
Victorville,Victorville,CA,1
Vienna,Vienna,VA,2
Villa Park,Villa Park,CA,1
Villa Rica,Villa Rica,GA,2
Vineland,Vineland,NJ,1
Virgie,Virgie,KY,1
Virginia Beach,Virginia Beach,VA,16
Visalia,Visalia,CA,1
Vivian,Vivian,LA,1
Voorhees,Voorhees,NJ,1
Wabasso,Wabasso,FL,1
Waco,Waco,TX,10
Wagener,Wagener,SC,1
Wagoner,Wagoner,OK,2
Wahiawa,Wahiawa,HI,1
Wahoo,Wahoo,NE,1
Wailuku,Wailuku,HI,1
Waimanalo,Waimanalo,HI,4
Waipahu,Waipahu,HI,3
Wake Forest,Wake Forest,NC,7
Waldorf,Waldorf,MD,7
Wales,Wales,WI,1
Walhalla,Walhalla,SC,1
Walker,Walker,LA,2
Walkersville,Walkersville,MD,1
Wall,Wall,TX,1
Waller,Waller,TX,1
Wallingford,Wallingford,CT,1
Walnut Creek,Walnut Creek,CA,2
Warner Robins,Warner Robins,GA,5
Warren,Warren,AR,2
Warren,Warren,MI,3
Warren,Warren,NJ,2
Warrenton,Warrenton,NC,1
Warrenton,Warrenton,VA,1
Warsaw,Warsaw,IN,1
Wartrace,Wartrace,TN,1
Washington,Washington,DC,20
Washington,Washington,IL,1
Washington,Washington,MI,1
Washington,Washington,MO,3
Washington,Washington,NC,2
Washington,Washington,PA,3
Washington Court House,Washington Court House,OH,1
Waterloo,Waterloo,IA,2
Watertown,Watertown,MA,1
Watertown,Watertown,TN,1
Watertown,Watertown,WI,1
Watkinsville,Watkinsville,GA,3
Watson,Watson,AL,1
Watson,Watson,LA,1
Waukee,Waukee,IA,1
Waukesha,Waukesha,WI,2
Waukon,Waukon,IA,1
Waunakee,Waunakee,WI,3
Waverly,Waverly,IA,2
Waxahachie,Waxahachie,TX,5
Waxhaw,Waxhaw,NC,3
Waycross,Waycross,GA,3
Wayne,Wayne,NJ,3
Waynesville,Waynesville,NC,1
Wayzata,Wayzata,MN,2
Weatherford,Weatherford,OK,1
Weatherford,Weatherford,TX,1
Webb City,Webb City,MO,1
Webster,Webster,TX,1
Weddington,Weddington,NC,4
Weldon Spring,Weldon Spring,MO,1
Wellington,Wellington,FL,1
Wendell,Wendell,NC,1
Wentzville,Wentzville,MO,1
Wesley Chapel,Wesley Chapel,FL,2
West Bloomfield,West Bloomfield,MI,7
West Branch,West Branch,IA,1
West Chester,West Chester,OH,4
West Chester,West Chester,PA,2
West Chicago,West Chicago,IL,1
West Columbia,West Columbia,SC,1
West Columbia,West Columbia,TX,2
West Covina,West Covina,CA,2
West Dallas,Dallas,TX,1
West Deptford,West Deptford,NJ,1
West Des Moines,West Des Moines,IA,9
West Islip,West Islip,NY,1
West Jordan,West Jordan,UT,4
West Lafayette,West Lafayette,IN,4
West Lafayette,West Lafayette,OH,1
West Linn,West Linn,OR,4
West Long Branch,West Long Branch,NJ,1
West Mifflin,West Mifflin,PA,1
West Monroe,West Monroe,LA,5
West Orange,West Orange,NJ,3
West Palm Beach,West Palm Beach,FL,10
West Park,West Park,FL,1
West Pittston,West Pittston,PA,2
West Point,West Point,VA,1
West Roxbury,West Roxbury,MA,1
West Seattle,West Seattle,WA,1
West Valley City,West Valley City,UT,2
West Warwick,West Warwick,RI,1
Westboro,Westboro,MA,1
Westbury,Westbury,NY,1
Westerville,Westerville,OH,1
Westfield,Westfield,IN,4
Westfield,Westfield,NJ,2
Westlake,Westlake,CA,1
Westlake,Westlake,OH,1
Westlake Village,Westlake Village,CA,7
Weston,Weston,FL,4
Westover,Westover,WV,1
Westport,Westport,CT,4
Wetumpka,Wetumpka,AL,2
Wexford,Wexford,PA,3
Wheatland,Wheatland,CA,1
Wheaton,Wheaton,IL,5
White,White,GA,1
White Castle,White Castle,LA,1
White House,White House,TN,1
Whitefish Bay,Whitefish Bay,WI,2
Whitehouse,Whitehouse,TX,1
Whiteville,Whiteville,NC,1
Whittier,Whittier,CA,2
Wichita,Wichita,KS,10
Wichita Falls,Wichita Falls,TX,5
Wilkesboro,Wilkesboro,NC,1
Williamsburg,Williamsburg,IA,1
Williamson,Williamson,GA,1
Williamsport,Williamsport,PA,1
Williamston,Williamston,MI,1
Williamstown,Williamstown,NJ,2
Williamsville,Williamsville,NY,1
Willingboro,Willingboro,NJ,4
Wilmette,Wilmette,IL,2
Wilmington,Wilmington,DE,2
Wilmington,Wilmington,NC,2
Wilmington,Wilmington,OH,1
Wiloughby,Wiloughby,OH,1
Wilton,Wilton,CT,1
Winchester,Winchester,KY,1
Winchester,Winchester,TN,1
Windermere,Windermere,FL,2
Windsor,Windsor,CT,2
Winnetka,Winnetka,IL,2
Winona,Winona,MN,1
Winona,Winona,MS,1
Winston-Salem,Winston-Salem,NC,11
Winter Garden,Winter Garden,FL,7
Winter Haven,Winter Haven,FL,2
Winter Park,Winter Park,FL,6
Winterset,Winterset,IA,1
Wixom,Wixom,MI,1
Woodbridge,Woodbridge,VA,7
Woodburn,Woodburn,OR,1
Woodbury,Woodbury,MN,2
Woodbury,Woodbury,NJ,1
Woodinville,Woodinville,WA,4
Woodland Hills,Woodland Hills,CA,1
Woodmere,Woodmere,LA,1
Woodruff,Woodruff,SC,2
Woods Cross,Woods Cross,UT,2
Woodside,Woodside,CA,2
Woodstock,Woodstock,GA,6
Woodville,Woodville,TX,1
Worcester,Worcester,MA,3
Wylie,Wylie,TX,2
Wymore,Wymore,NE,1
Wyoming,Wyoming,MI,1
Wyoming,Wyoming,OH,1
Xenia,Xenia,OH,1
Yazoo City,Yazoo City,MS,1
Yelm,Yelm,WA,2
Yorba Linda,Yorba Linda,CA,3
York,York,NE,1
York,York,PA,4
York,York,SC,1
Yorktown Heights,Yorktown Heights,NY,1
Yorkville,Yorkville,IL,1
Youngstown,Youngstown,OH,7
Youngsville,Youngsville,LA,1
Ypsilanti,Ypsilanti,MI,4
Yuba City,Yuba City,CA,2
Yukon,Yukon,OK,1
Yulee,Yulee,FL,1
Zachary,Zachary,LA,4
Zanesville,Zanesville,OH,1
Zelienople,Zelienople,PA,2
Zephyrhills,Zephyrhills,FL,2
Zionsville,Zionsville,IN,3
